000001,华夏成长混合
000003,中海可转债债券A
000004,中海可转债债券C
000005,嘉实增强信用定期债券
000006,西部利得量化成长混合A
000007,鹏华国企债债券
000008,嘉实中证500ETF联接A
000011,华夏大盘精选混合
000014,华夏聚利债券
000015,华夏纯债债券A
000016,华夏纯债债券C
000017,财通可持续混合
000020,景顺长城品质投资混合
000021,华夏优势增长混合
000022,南方中债中期票据指数债券A
000023,南方中债中期票据指数债券C
000024,大摩双利增强债券A
000025,大摩双利增强债券C
000026,泰达信用合利债券A
000027,泰达信用合利债券B
000028,华富安鑫债券
000029,富国宏观策略灵活配置混合
000030,长城核心优选混合
000031,华夏复兴混合
000032,易方达信用债债券A
000033,易方达信用债债券C
000037,广发景宁债券
000039,农银高增长混合
000042,中证财通可持续发展100指数A
000045,工银产业债债券A
000046,工银产业债债券B
000047,华夏双债债券A
000048,华夏双债债券C
000050,长盛纯债债券A
000051,华夏沪深300ETF联接A
000052,长盛纯债债券C
000053,鹏华永诚一年定开债券
000054,鹏华双债增利债券
000056,建信消费升级混合
000057,中银消费主题混合
000058,国联安安泰灵活配置混合
000059,国联安中证医药100A
000061,华夏盛世混合
000062,银华量化智慧动力混合
000063,长盛电子信息主题灵活配置混合
000064,大摩18个月定开债
000065,国富焦点驱动混合
000066,诺安鸿鑫混合
000067,民生加银转债优选A
000068,民生加银转债优选C
000069,国投瑞银中高等级债券A
000070,国投瑞银中高等级债券C
000071,华夏恒生ETF联接A
000072,华安稳健回报混合
000073,上投摩根成长动力混合
000074,工银信用纯债一年定开债A
000077,工银信用纯债一年定开债C
000078,工银信用纯债两年定开债A
000079,工银信用纯债两年定开债C
000080,天治可转债增强债券A
000081,天治可转债增强债券C
000082,嘉实研究阿尔法股票
000083,汇添富消费行业混合
000084,博时安盈债券A
000085,博时安盈债券C
000086,南方稳利1年定开债A
000087,嘉实中证金边国债ETF联接A
000088,嘉实中证金边国债ETF联接C
000089,民生加银高等级信用债C
000090,民生加银高等级信用债A
000091,信诚新双盈分级债券
000092,信诚新双盈分级债券A
000093,信诚新双盈分级债券B
000104,华宸未来稳健添利债券A
000105,建信安心回报债券A
000106,建信安心回报债券C
000107,富国稳健增强债券A/B
000109,富国稳健增强债券C
000110,金鹰元安混合A
000111,易方达纯债1年定开债A
000112,易方达纯债1年定开债C
000113,嘉实如意宝定期债券A/B
000115,嘉实如意宝定期债券C
000116,嘉实丰益纯债定期债券
000117,广发轮动配置混合
000118,广发聚鑫债券A
000119,广发聚鑫债券C
000120,中银美丽中国混合
000121,华夏永福混合A
000122,汇添富实业债债券A
000123,汇添富实业债债券C
000124,华宝服务优选混合
000125,上投摩根天颐年丰混合A
000126,招商安润混合
000127,农银行业领先混合
000128,大成景安短融债券A
000129,大成景安短融债券B
000130,大成景兴信用债债券A
000131,大成景兴信用债债券C
000134,中信保诚嘉鸿债券A
000135,中信保诚嘉鸿债券C
000136,民生加银策略精选混合A
000137,民生加银岁岁增利债券A
000138,民生加银岁岁增利债券C
000139,富国国有企业债债券A/B
000141,富国国有企业债债券C
000142,融通增强收益债券A
000143,鹏华双债加利债券
000147,易方达高等级信用债债券A
000148,易方达高等级信用债债券C
000149,华安双债添利债券A
000150,华安双债添利债券C
000151,诺安信用债券一年定开债
000152,大成景旭纯债债券A
000153,大成景旭纯债债券C
000165,国投瑞银策略精选混合
000166,中海信息产业精选混合
000167,广发聚优灵活配置混合A
000169,泰达收益增强债券A
000170,泰达收益增强债券B
000171,易方达裕丰回报债券
000172,华泰柏瑞量化增强混合A
000173,汇添富美丽30混合
000174,汇添富高息债债券A
000175,汇添富高息债债券C
000176,嘉实沪深300指数研究增强
000177,嘉实丰益信用定期债券A
000178,博时灵活配置混合A
000181,景顺长城四季金利债券A
000182,景顺长城四季金利债券C
000183,嘉实丰益策略定期债券
000184,工银添福债券A
000185,工银添福债券B
000186,华泰柏瑞季季红债券
000187,华泰柏瑞丰盛纯债债券A
000188,华泰柏瑞丰盛纯债债券C
000189,易方达丰华债券A
000190,中银新回报灵活配置混合A
000191,富国信用债债券A/B
000192,富国信用债债券C
000193,国泰美国房地产开发股票
000194,银华信用四季红债券A
000195,工银成长收益混合A
000196,工银成长收益混合B
000197,富国目标收益一年期纯债债券
000199,国泰量化策略收益混合
000200,博时岁岁增利一年定开债
000201,诺安泰鑫一年定开债A
000202,富国目标收益两年期纯债债券
000205,易方达投资级信用债债券A
000206,易方达投资级信用债债券C
000207,建信双债增强债券A
000208,建信双债增强债券C
000209,信诚新兴产业混合
000212,泰信鑫益定期开放A
000213,泰信鑫益定期开放C
000214,广发成长优选混合
000215,广发趋势优选灵活配置混合A
000216,华安黄金易ETF联接A
000217,华安黄金易ETF联接C
000218,国泰黄金ETF联接A
000219,博时裕益混合
000220,富国医疗保健行业混合A
000221,汇添富年年利定开债A
000222,汇添富年年利定开债C
000225,长盛年年收益定期债券A
000226,长盛年年收益定期债券C
000227,华安年年红债券A
000235,诺安稳固收益一年定开债
000236,工银月月薪定期支付债券A
000239,华安年年盈定开债A
000240,华安年年盈定开债C
000241,宝盈核心优势混合C
000242,景顺长城策略精选灵活配置混合
000244,天弘稳利定期开放A
000245,天弘稳利定期开放B
000247,方正富邦互利债券
000248,汇添富中证主要消费ETF联接
000251,工银金融地产混合A
000252,景顺长城景兴信用纯债债券A
000253,景顺长城景兴信用纯债债券C
000254,长城定开债A
000255,长城定开债C
000256,上投摩根红利回报混合A
000257,上投摩根岁岁盈定开债A
000258,上投摩根岁岁盈定开债C
000259,农银区间收益混合
000260,信诚季季定期支付债券
000263,工银信息产业混合
000264,博时内需增长混合
000265,易方达恒久添利1年定开债A
000266,易方达恒久添利1年定开债C
000267,广发集利一年定开债A
000268,广发集利一年定开债C
000269,嘉实合润双债两年期定期债券
000270,建信灵活配置混合
000271,中邮定开债A
000272,中邮定开债C
000273,华润元大安鑫灵活配置混合A
000278,融通通泽灵活配置混合
000279,华商红利优选混合
000280,博时双债增强债券A
000281,博时双债增强债券C
000286,银华信用季季红债券A
000287,银华永利债券A
000288,银华永利债券C
000289,鹏华丰泰定开债A
000291,鹏华普悦债券
000292,鹏华丰信分级债券A
000293,鹏华丰信分级债券B
000294,华安生态优先混合
000295,鹏华丰实定开债A
000296,鹏华丰实定开债B
000297,鹏华可转债债券A
000298,中海纯债债券A
000299,中海纯债债券C
000302,国泰淘金互联网债券
000303,长盛双月红定期债券A
000304,长盛双月红定期债券C
000305,中银中高等级A
000306,天弘弘利债券
000307,易方达黄金ETF联接A
000308,建信创新中国混合
000309,大摩品质生活精选股票
000310,安信永利信用A
000311,景顺长城沪深300指数增强
000312,华安沪深300增强A
000313,华安沪深300增强C
000314,招商瑞丰灵活配置混合发起式A
000316,中海瑞利六个月定开债
000317,中海惠利分级债券A
000318,中海惠利分级债券B
000319,泰达淘利债券A
000320,泰达淘利债券C
000322,农银汇理金汇债券
000326,南方中小盘成长股票
000327,南方新蓝筹混合
000328,上投摩根转型动力灵活配置混合
000329,鹏华丰饶定开债
000333,长城稳固收益债券A
000334,长城稳固收益债券C
000335,安信永利信用C
000336,农银研究精选混合
000338,鹏华双债保利债券
000339,长城医疗保健混合
000345,鹏华丰融定开债
000346,建信安心回报6个月定开A
000347,建信安心回报6个月定开C
000351,国富恒丰定期债券A
000352,国富恒丰定期债券C
000354,长盛城镇化主题混合
000355,南方丰元信用增强债券A
000356,南方丰元信用增强债券C
000360,信诚年年有余定开债A
000361,信诚年年有余定开债B
000362,国泰聚信价值优势混合A
000363,国泰聚信价值优势混合C
000367,国泰安康定期支付混合A
000368,汇添富沪深300安中指数
000372,中银惠利半年定开债
000373,华安中证细分医药ETF联接A
000376,华安中证细分医药ETF联接C
000377,上投摩根双债增利债券A
000378,上投摩根双债增利债券C
000385,景顺长城景颐双利债券A
000386,景顺长城景颐双利债券C
000387,泰达宏利瑞利债券A
000388,泰达宏利瑞利债券B
000390,华商优势行业混合
000391,招商标普指数-人民币
000392,招商标普指数-美元
000393,招商标普指数-港币
000394,融通通源短融债券A
000395,汇添富安心中国债券A
000396,汇添富安心中国债券C
000398,华富灵活配置混合
000400,中融增鑫定开债A
000401,中融增鑫定开债C
000402,工银纯债债券A
000403,工银纯债债券B
000404,易方达新兴成长灵活配置
000405,信诚月月支付
000406,汇添富双利增强债券A
000407,汇添富双利增强债券C
000408,民生加银城镇化混合A
000409,鹏华环保产业股票
000410,益民服务领先混合
000411,景顺长城优质成长股票
000412,国开岁月鎏金定开信用债A
000413,国开岁月鎏金定开信用债C
000414,嘉实绝对收益策略定期混合
000415,大摩添利18个月定开债A
000416,大摩添利18个月定开债C
000417,国联安新精选混合
000418,景顺长城成长之星股票
000419,大摩优质信价纯债A
000420,大摩优质信价纯债C
000421,华泰柏瑞丰汇债券A
000422,华泰柏瑞丰汇债券C
000423,前海开源事件驱动混合A
000426,大成信用增利一年债券A
000427,大成信用增利一年债券C
000428,易方达聚盈分级债券发起式
000429,易方达聚盈分级债券发起式A
000430,易方达聚盈分级债券发起式B
000431,鹏华品牌传承混合
000432,中银优秀企业混合
000433,安信鑫发优选混合
000435,建信稳定添利债券A
000436,易方达裕惠定开混合发起式
000452,南方医药保健灵活配置混合
000457,上投摩根核心成长股票
000458,英大领先回报混合发起式
000462,农银主题轮动混合
000463,华商双债丰利债券A
000465,景顺长城鑫月薪定期支付债券
000466,融通通瑞债券A/B
000467,信诚惠报债券A
000469,富国目标齐利一年期纯债债券
000471,富国城镇发展股票
000473,广发集鑫债券A
000474,广发集鑫债券C
000477,广发主题领先混合
000478,建信中证500指数增强A
000479,信诚惠报债券B
000480,东方红新动力混合
000481,华商双债丰利债券C
000489,光大岁末红利纯债A
000490,光大岁末红利纯债C
000496,长安产业精选混合A
000497,财通纯债债券A
000500,华富恒富分级债券
000501,华富恒富18个月定开债C
000502,华富恒富18个月定开债A
000503,中信建投景和中短债A
000504,中信建投景和中短债C
000507,泰达宏利宏达混合A
000508,泰达宏利宏达混合B
000510,诺安永鑫收益一年定开债
000511,国泰国策驱动灵活配置混合A
000512,国泰沪深300指数增强A
000513,富国高端制造行业股票
000516,富国祥利一年期定期开放债券型A
000517,富国祥利一年期定期开放债券型C
000520,上银新兴价值成长混合
000521,诺安瑞鑫定开债券
000522,华润元大信息传媒科技混合
000523,国投瑞银医疗保健混合A
000524,上投摩根民生需求股票
000526,国泰浓益灵活配置混合A
000527,南方新优享灵活配置混合A
000529,广发竞争优势混合
000530,招商丰盛稳定增长混合A
000531,东吴阿尔法灵活配置混合
000532,景顺长城优势企业混合
000534,长盛高端装备混合
000535,长盛航天海工装备灵活配置混合
000536,前海开源可转债债券
000538,诺安优势行业混合A
000541,华商创新成长混合发起式
000545,中邮核心竞争力灵活配置混合
000546,兴业定开债A
000547,建信健康民生混合
000549,华安大国新经济股票
000550,广发新动力混合
000551,信诚幸福消费混合
000552,中加纯债一年A
000553,中加纯债一年C
000554,中国梦灵活配置混合
000556,国投瑞银新机遇灵活配置混合A
000557,国投瑞银新机遇灵活配置混合C
000561,南方启元债券A
000562,南方启元债券C
000563,南方通利债券A
000564,南方通利债券C
000566,华泰柏瑞创新升级混合A
000567,广发聚祥灵活混合
000571,中邮双动力混合
000572,中银多策略混合A
000573,天弘通利混合
000574,宝盈新价值混合A
000577,安信价值精选股票
000578,鑫元恒鑫收益增强债券型发起式A
000579,鑫元恒鑫收益增强债券型发起式C
000583,江信聚福定开债
000584,新华鑫益灵活配置混合
000585,嘉实对冲套利定期混合
000586,景顺长城中小板创业板精选股票
000587,大成灵活配置混合
000589,光大银发商机混合
000590,华安新活力混合
000591,中银健康生活混合
000592,建信改革红利股票
000594,大摩进取优选股票
000595,嘉实泰和混合
000596,前海开源中证军工指数A
000597,中海积极收益混合
000598,长盛生态环境混合
000601,华宝创新优选混合
000603,易方达创新驱动灵活配置混合
000606,天弘优选债券
000609,华商新量化混合
000610,新华阿里一号保本混合
000612,华宝生态中国混合
000613,国寿安保沪深300ETF联接
000619,东方红产业升级混合
000622,华富恒财分级债券
000623,华富恒财定开债C
000624,华富恒财定开债A
000628,大成高新技术产业股票A
000629,圆信永丰纯债A
000630,圆信永丰纯债C
000632,中银聚利半年定开债
000633,中银聚利分级债券B
000634,富国天盛灵活配置基金
000639,宝盈祥瑞混合A
000646,华润元大量化优选混合A
000649,长城久鑫灵活配置
000652,博时裕隆灵活配置混合
000654,华商新锐产业混合
000655,鑫元稳利债券
000656,前海开源沪深300指数
000663,国投瑞银美丽中国混合
000664,国联安通盈混合A
000667,工银绝对收益混合发起A
000668,国寿安保尊享债券A
000669,国寿安保尊享债券C
000672,工银绝对收益混合发起B
000673,融通四季添利债券(LOF)C
000674,中海中短债债券
000679,招商丰利灵活配置混合A
000684,长盛养老健康产业灵活配置混合
000688,景顺长城研究精选股票
000689,前海开源新经济混合
000690,前海开源大海洋混合
000692,汇添富双利债券C
000694,鑫元鸿利债券
000696,汇添富环保行业股票
000697,汇添富移动互联股票
000698,宝盈科技30混合
000706,中邮多策略灵活配置混合
000708,华安安享混合
000711,嘉实医疗保健股票
000714,诺安稳健回报灵活配置混合A
000715,民生加银高等级信用债E
000717,融通转型三动力灵活配置混合A
000720,南方稳利1年定开债C
000723,建信稳定添利债券C
000727,融通健康产业灵活配置混合A/B
000728,工银目标收益一年定开C
000729,建信中小盘先锋股票
000736,诺安聚利债券A
000737,诺安聚利债券C
000739,平安新鑫先锋A
000742,国泰新经济灵活配置混合
000743,红塔红土盛世普益混合发起式
000744,北信瑞丰稳定收益A
000745,北信瑞丰稳定收益C
000746,招商行业精选股票基金
000747,广发逆向策略混合
000749,国金鑫安保本
000751,嘉实新兴产业股票
000752,博时优势收益信用债
000753,华宝量化对冲混合A
000754,华宝量化对冲混合C
000755,富安达新兴成长混合
000756,建信潜力新蓝筹股票
000757,华富智慧城市灵活配置混合
000761,国富健康优质生活股票
000762,汇添富绝对收益定开混合A
000763,工银新财富灵活配置混合
000765,上投摩根岁岁盈定开债B
000766,上投摩根岁岁盈定开债D
000767,华富国泰民安灵活配置混合
000768,长城久盈纯债债券
000769,长城久盈纯债分级债券A
000770,长城久盈纯债分级债券B
000772,景顺长城中国回报灵活配置混合
000774,天弘瑞利分级债券
000775,天弘瑞利分级债券A
000776,天弘瑞利分级债券B
000778,鹏华先进制造股票
000780,鹏华医疗保健股票
000781,国投瑞银岁增利债券A
000782,国投瑞银岁增利债券C
000783,博时季季享持有期A
000784,博时季季享持有期B
000788,前海开源中国成长混合
000791,银华安颐中短债双月持有期债券C
000792,招商定期宝六个月期理财债券
000793,工银高端制造股票
000794,宝盈睿丰创新混合A/B
000796,宝盈睿丰创新混合C
000799,民生加银家盈半年定期宝
000800,华商未来主题混合
000801,中金纯债A
000802,中金纯债C
000803,工银研究精选股票
000804,中信建投稳利混合A
000805,中银新经济灵活配置混合
000808,招商招利1个月期理财债券A
000809,招商招利1个月期理财债券B
000810,富国收益增强债券A
000812,富国收益增强债券C
000813,鑫元合享分级债券
000814,鑫元合享纯债C
000815,鑫元合享纯债A
000822,东海美丽中国灵活配置混合
000823,银华高端制造业混合
000824,圆信永丰双利A
000825,圆信永丰双利C
000826,广发百发100指数A
000827,广发百发100指数E
000828,泰达转型机遇
000831,工银医疗保健股票
000833,易方达富华纯债C
000835,华润元大富时中国A50指数A
000839,上投摩根纯债丰利债券A
000840,上投摩根纯债丰利债券C
000841,富国新回报灵活配置混合A/B
000843,富国新回报灵活配置混合C
000844,南方绝对收益
000845,国投瑞银信息消费混合
000849,汇丰晋信双核策略混合A
000850,汇丰晋信双核策略混合C
000854,鹏华养老产业股票
000859,融通通瑞债券C
000865,大成景利混合
000866,华宝制造股票
000867,华宝品质生活股票
000870,嘉实新收益混合
000875,建信稳定得利债券A
000876,建信稳定得利债券C
000877,华泰柏瑞量化优选混合
000878,中海医药健康产业精选混合A
000879,中海医药健康产业精选混合C
000880,富国研究精选灵活配置混合
000884,民生加银优选股票
000885,广发全球农业指数美元现汇
000886,北信瑞丰无限互联主题灵活配置
000887,上投摩根稳进回报混合
000889,上投摩根纯债添利债券A
000890,上投摩根纯债添利债券C
000892,九泰天宝灵活配置混合A
000893,工银创新动力股票
000896,鑫元聚鑫收益增强债A
000897,鑫元聚鑫收益增强债C
000898,华富恒稳纯债债券A
000899,华富恒稳纯债债券C
000909,鑫元合丰分级债券
000910,鑫元合丰纯债C
000911,鑫元合丰纯债A
000913,农银医疗保健股票
000914,中加纯债债券
000915,中加纯债分级债券B
000916,前海开源股息率100强股票
000924,宝盈先进制造混合A
000925,汇添富外延增长主题股票
000926,中信建投睿信灵活配置混合A
000928,中融国企改革混合
000929,博时黄金D
000930,博时黄金I
000931,国寿安保尊益信用纯债债券
000932,前海开源睿远稳健增利混合A
000933,前海开源睿远稳健增利混合C
000935,浙商汇金转型成长
000936,博时产业新动力混合A
000937,华商稳固添利债券A
000938,华商稳固添利债券C
000939,中银研究精选灵活配置混合
000940,富国中小盘精选混合
000942,广发信息技术联接A
000943,工银中高等级信用债债券A
000944,工银中高等级信用债债券B
000945,华夏医疗健康混合A
000946,华夏医疗健康混合C
000947,德邦纯债债券A
000948,华夏沪港通恒生ETF联接A
000950,易方达沪深300非银联接A
000951,中银慧享中短利率债债券A
000952,中银慧享中短利率债债券B
000953,国泰睿吉灵活配置混合A
000954,国泰睿吉灵活配置混合C
000955,南方产业活力
000958,东吴鼎元A
000959,东吴鼎元C
000960,招商医药健康产业股票
000961,天弘沪深300ETF联接A
000962,天弘中证500ETF联接A
000963,兴业多策略混合
000965,汇丰晋信新动力混合
000966,中邮核心科技创新灵活配置混合
000967,华泰柏瑞创新动力混合
000968,广发养老指数A
000969,前海开源大安全混合
000971,诺安新经济股票
000972,新华万银策略灵活配置混合
000973,新华增盈回报债券
000974,安信消费医药股票
000975,MSCI中国A股国际通联接A
000976,长城新兴产业混合
000977,长城环保主题混合
000978,景顺长城量化精选股票
000979,景顺长城沪港深精选股票
000984,民生加银新收益债券A
000985,嘉实逆向策略股票
000986,太平灵活配置
000987,民生加银新收益债券C
000991,工银战略转型股票
000993,华宝稳健回报混合
000994,建信睿盈灵活配置混合A
000995,建信睿盈灵活配置混合C
000996,中银新动力股票
000997,南方双元A
000998,南方双元C
001000,中欧明睿新起点混合
001001,华夏债券A/B
001003,华夏债券C
001004,新华稳健回报混合发起式
001005,中海合鑫混合
001007,国联安鑫安灵活配置混合
001008,工银国企改革股票
001009,上投摩根安全战略股票
001011,华夏希望债券A
001013,华夏希望债券C
001014,中融融安混合
001015,华夏沪深300指数增强A
001016,华夏沪深300指数增强C
001017,泰达改革动力混合A
001018,易方达新经济混合
001019,兴业年年利定开债
001020,诺安裕鑫收益定开债
001021,华夏亚债中国指数A
001023,华夏亚债中国指数C
001027,前海开源中证大农业指数增强
001028,华安物联网主题股票
001029,国投瑞银新动力混合
001030,天弘云端生活优选
001031,华夏安康债券A
001033,华夏安康债券C
001034,华富旺财保本混合
001036,嘉实企业变革股票
001037,国投瑞银锐意改革混合
001039,嘉实先进制造股票
001040,新华策略精选股票
001042,华夏领先股票
001043,工银美丽城镇股票
001044,嘉实新消费股票
001045,华夏可转债增强债券A
001047,光大国企改革股票
001048,富国新兴产业股票
001050,汇添富成长多因子量化策略股票
001051,华夏上证50ETF联接A
001052,华夏中证500ETF联接A
001053,南方创新经济
001054,工银新金融股票
001055,博时产业债纯债债券A
001056,北信瑞丰健康生活
001057,华夏理财30天债券A
001058,华夏理财30天债券B
001059,中金绝对收益
001060,前海开源高端装备制造混合
001064,广发中证环保ETF联接A
001067,鹏华弘盛混合A
001068,华融新锐灵活配置混合
001069,华泰柏瑞消费成长混合
001070,建信信息产业股票
001071,华安媒体互联网混合
001072,华安智能装备主题股票
001073,华泰柏瑞量化绝对收益混合
001074,华泰柏瑞量化驱动混合A
001075,宝盈转型动力混合
001076,易方达改革红利混合
001086,华富恒利债券A
001087,华富恒利债券C
001088,华宝国策导向混合
001097,华泰柏瑞积极优选股票
001102,前海开源国家比较优势混合
001103,前海开源工业革命4.0混合
001104,华安新丝路主题股票
001105,信达澳银转型创新股票
001106,华商健康生活混合
001110,中欧瑾泉灵活配置混合A
001111,中欧瑾泉灵活配置混合C
001112,东方红中国优势混合
001113,南方大数据100A
001115,广发聚安混合A
001116,广发聚安混合C
001117,中欧精选定期开放混合A
001118,华宝事件驱动混合
001119,国投瑞银新回报混合
001120,东方睿鑫热点挖掘混合A
001121,东方睿鑫热点挖掘混合C
001122,鹏华弘利混合A
001123,鹏华弘利混合C
001124,融通增强收益债券C
001125,博时互联网主题灵活配置混合
001126,上投摩根卓越制造股票
001127,中银宏观策略混合
001128,宝盈新兴产业混合
001133,广发中证全指可选消费联接A
001135,益民品质升级混合
001136,易方达裕如混合
001137,国投瑞银岁丰利债券A
001138,国投瑞银岁丰利债券C
001139,华安新动力灵活配置混合
001140,工银总回报灵活配置混合
001141,泰达宏利创盈混合A
001142,泰达宏利创盈混合B
001143,华商量化进取混合
001144,大成互联网思维混合
001146,中欧瑾源灵活配置混合A
001147,中欧瑾源灵活配置混合C
001148,申万菱信多策略灵活配置混合A
001149,汇丰晋信恒生龙头指数C
001150,融通互联网传媒灵活配置混合
001152,融通新区域新经济灵活配置混合
001154,北信瑞丰平安中国
001156,申万菱信新能源汽车混合
001157,国联安睿祺灵活配置混合
001158,工银新材料新能源股票
001159,大成景秀灵活配置混合A
001160,东方永润债券A
001161,东方永润债券C
001162,前海开源优势蓝筹股票A
001163,银华中国梦30股票
001164,中欧琪和灵活配置混合A
001165,中欧琪和灵活配置混合C
001166,建信环保产业股票
001167,金鹰科技创新股票
001168,国投瑞银优选收益混合
001169,国投瑞银新价值混合
001170,泰达宏利复兴混合
001171,工银养老产业股票
001172,鹏华弘泽混合A
001173,中欧瑾和灵活配置混合A
001174,中欧瑾和灵活配置混合C
001178,前海开源再融资股票
001179,德邦大健康灵活配置混合
001180,广发医药卫生联接A
001181,南方改革机遇
001182,易方达安心回馈混合
001183,南方利淘A
001184,易方达新常态灵活配置混合
001185,安信动态策略混合A
001186,富国文体健康股票A
001188,鹏华改革红利股票
001189,广发聚宝混合A
001190,鹏华弘润混合A
001191,鹏华弘润混合C
001192,上投摩根整合驱动混合
001193,中金消费升级
001194,景顺长城稳健回报混合A
001195,工银农业产业股票
001196,东方鼎新灵活配置混合A
001197,长盛转型升级主题灵活配置混合
001198,东方惠新灵活配置混合A
001199,创金合信聚利债券A
001200,创金合信聚利债券C
001201,申万菱信安鑫回报混合A
001202,东方红领先精选混合
001203,东方红稳健精选混合A
001204,东方红稳健精选混合C
001206,广发聚惠混合A
001207,广发聚惠混合C
001208,诺安低碳经济股票A
001209,前海开源一带一路混合A
001210,天弘互联网混合
001212,华润元大稳健债券A
001213,华润元大稳健债券C
001214,华泰柏瑞中证500ETF联接A
001215,博时沪港深优质企业基金A
001216,易方达新收益混合A
001217,易方达新收益混合C
001218,国投瑞银精选收益混合
001219,上投摩根动态多因子混合
001220,民生加银研究精选混合
001221,国联安鑫富混合A
001222,鹏华外延成长混合
001223,鹏华文化传媒娱乐股票
001224,中邮新思路灵活配置混合
001225,中邮趋势精选灵活配置混合
001226,中邮稳健添利灵活配置混合
001227,中邮信息产业灵活配置混合
001228,国联安鑫享灵活配置混合A
001229,德邦福鑫灵活配置混合A
001230,鹏华医药科技
001231,银华泰利灵活配置混合A
001235,中银国有企业债A
001236,博时丝路主题股票A
001237,博时上证50ETF联接A
001238,博时招财一号保本
001239,长盛国企改革混合
001241,国寿安保中证500ETF联接
001242,博时中证淘金大数据100A
001243,博时中证淘金大数据100I
001244,华泰柏瑞量化智慧混合A
001245,工银生态环境股票
001246,兴银长乐定开债
001247,华泰柏瑞新利混合A
001249,易方达新利灵活配置混合
001250,天弘新活力混合
001252,中海进取收益混合
001253,建信回报灵活配置混合
001254,泰达宏利新起点混合A
001255,长城改革红利混合
001256,泓德优选成长混合
001257,兴业收益增强债券A
001258,兴业收益增强债券C
001259,德邦鑫星稳健灵活配置混合
001260,广发安心混合
001261,中融新机遇混合
001262,大成景明灵活配置混合A
001263,大成景穗灵活配置混合A
001264,银华恒利灵活配置混合A
001265,国泰兴益灵活配置混合A
001266,国投瑞银招财混合
001267,泰达宏利蓝筹混合
001268,富国国家安全主题混合
001270,英大灵活配置混合型发起式A
001271,英大灵活配置混合型发起式B
001272,兴业聚利灵活配置混合
001273,民生加银新动力混合A
001275,中邮创新优势灵活配置混合
001276,建信新经济灵活配置混合
001277,博时国企改革股票
001278,前海开源清洁能源混合A
001279,中海积极增利混合
001280,银华聚利灵活配置混合A
001281,长安鑫利优选混合A
001282,华安新机遇灵活配置
001283,红塔红土盛金新动力混合A
001284,红塔红土盛金新动力混合C
001285,易方达新鑫混合I
001286,易方达新鑫混合E
001287,安信优势增长混合A
001289,银华汇利灵活配置混合A
001290,广发安泰混合
001291,大摩量化多策略股票
001294,新华战略新兴产业灵活配置混合
001295,大成景源灵活配置混合A
001296,长城转型成长灵活配置混合
001297,平安智慧中国混合
001298,金鹰民族新兴混合
001299,兴业添利债券
001300,大成睿景灵活配置混合A
001301,大成睿景灵活配置混合C
001302,前海开源金银珠宝混合A
001303,银华稳利灵活配置混合A
001304,建信鑫安回报灵活配置混合
001305,九泰天富改革混合A
001306,中欧永裕混合A
001307,中欧永裕混合C
001310,华泰柏瑞行业竞争优势混合
001311,华安新回报灵活配置混合
001312,华安新优选灵活配置混合A
001313,上投摩根智慧互联股票
001314,易方达新益混合I
001315,易方达新益混合E
001316,安信稳健增值混合A
001317,东方赢家保本混合
001318,东方新策略灵活配置混合A
001319,农银信息传媒股票
001320,工银丰盈回报灵活配置混合
001321,兴业聚优灵活配置混合
001322,东吴新趋势
001323,东吴移动互联A
001324,华宝新价值混合
001325,鹏华弘和混合A
001326,鹏华弘和混合C
001327,鹏华弘华混合A
001328,鹏华弘华混合C
001329,鹏华弘实混合A
001330,鹏华弘实混合C
001331,鹏华弘信混合A
001332,鹏华弘信混合C
001333,大成景鹏灵活配置混合A
001334,南方利鑫A
001335,南方利众A
001336,鹏华弘益混合A
001337,鹏华弘益混合C
001338,安信稳健增值混合C
001339,兴银鼎新灵活配置混合
001340,华泰柏瑞惠利灵活混合A
001341,华泰柏瑞惠利灵活混合C
001342,易方达新享混合A
001343,易方达新享混合C
001344,易方达沪深300医药联接A
001345,富国新收益灵活配置混合A
001347,富国新收益灵活配置混合C
001348,大摩新机遇混合
001349,富国改革动力混合
001351,诺安中证500指数增强A
001352,民生加银新战略混合
001355,广发聚泰混合A
001356,广发聚泰混合C
001357,泓德泓富混合A
001358,宝盈祥泰混合A
001359,国联安添鑫灵活配置混合A
001361,景顺中证科技传媒通信150ETF联接
001362,景顺长城领先回报混合A
001363,长城久惠灵活配置混合
001364,大成景润灵活配置混合
001365,大成正向回报灵活配置混合
001366,金鹰产业整合混合
001367,德邦新添利债券A
001368,兴业稳固收益一年理财债券
001369,兴业稳固收益两年理财债券
001370,中银新趋势混合
001371,富国沪港深价值混合A
001373,易方达新丝路灵活配置混合
001375,金元顺安优质精选混合C
001376,泓德泓富混合C
001377,中融新产业灵活配置混合A
001378,中融新产业灵活配置混合C
001379,景顺长城领先回报混合C
001380,鹏华弘盛混合C
001381,鹏华弘泽混合C
001382,易方达国企改革混合
001384,东方新思路混合A
001385,东方新思路混合C
001387,中融新经济混合A
001388,中融新经济混合C
001389,中融鑫视野混合A
001390,中融鑫视野混合C
001392,国富金融地产混合A
001393,国富金融地产混合C
001394,博时新趋势混合A
001396,建信互联网+产业升级股票
001397,建信精工制造指数增强
001398,华泰柏瑞健康生活混合
001399,安信鑫安得利混合A
001400,安信鑫安得利混合C
001402,信诚新选混合A
001403,招商国企改革主题混合基金
001404,招商移动互联网产业股票基金
001405,东方红策略精选混合A
001406,东方红策略精选混合C
001407,景顺长城稳健回报混合C
001408,建信鑫丰回报灵活配置混合A
001409,工银互联网加股票
001410,信达澳银新能源产业股票
001411,诺安创新驱动混合A
001412,德邦鑫星价值灵活配置混合A
001413,中融鑫起点混合A
001414,中融鑫起点混合C
001415,信诚新锐混合A
001416,嘉实事件驱动股票
001417,汇添富医疗服务混合
001418,泰达宏利创益混合A
001419,泰达宏利新思路混合A
001420,南方大数据300A
001421,南方量化成长
001422,景顺长城安享回报混合A
001423,景顺长城安享回报混合C
001424,博时新起点混合A
001425,博时新起点混合C
001426,南方大数据300C
001427,招商丰泽混合A
001429,博时新财富混合A
001430,中邮乐享收益灵活配置混合
001431,方正富邦优选灵活配置混合A
001433,易方达瑞景混合
001437,易方达瑞享混合I
001438,易方达瑞享混合E
001441,易方达瑞信混合I
001442,易方达瑞信混合E
001443,易方达瑞选灵活配置混合I
001444,易方达瑞选灵活配置混合E
001445,华安国企改革主题灵活配置混合
001446,招商丰泽混合C
001447,天弘惠利混合
001448,华商双翼平衡混合
001449,华商双驱优选混合
001450,东方稳定增利债券A
001451,东方稳定增利债券C
001453,鹏华弘鑫混合A
001454,鹏华弘鑫混合C
001455,景顺长城中证500ETF联接
001456,华泰柏瑞制造2025混合A
001457,华商新常态混合
001458,广发中证全指主要消费联接A
001459,广发中证全指原材料联接A
001460,广发中证全指能源ETF联接A
001463,光大一带一路混合
001464,光大鼎鑫混合A
001466,华富永鑫灵活配置混合A
001467,华富永鑫灵活配置混合C
001468,广发改革混合
001469,广发中证全指金融地产联接A
001470,融通通鑫灵活配置混合
001471,融通新能源灵活配置混合
001473,建信大安全战略精选股票
001474,兴银丰盈灵活配置
001475,易方达国防军工混合
001476,中银智能制造股票
001479,中邮风格轮动灵活配置混合
001480,财通成长优选混合
001482,上投摩根新兴服务股票
001483,天弘喜利灵活配置混合
001484,天弘新价值混合
001485,华安添颐混合
001487,宝盈优势产业混合
001488,万家瑞丰灵活配置混合A
001489,万家瑞丰灵活配置混合C
001490,汇添富国企创新股票
001491,国泰生益灵活配置混合A
001492,鹏华弘锐混合A
001493,鹏华弘锐混合C
001494,信诚新鑫混合A
001495,东方新价值混合A
001496,工银聚焦30股票
001497,大成月添利债券E
001498,建信鑫荣回报灵活配置混合
001499,国投瑞银新增长混合A
001500,泓德远见回报混合
001501,招商丰裕混合A
001502,招商丰裕混合C
001503,南方利鑫C
001504,南方利淘C
001505,南方利众C
001506,景顺长城泰和回报混合A
001507,景顺长城泰和回报混合C
001508,富国新动力灵活配置混合A
001510,富国新动力灵活配置混合C
001511,兴全新视野定开混合
001512,易方达中债3-5年期国债指数
001513,易方达信息产业混合
001515,平安新鑫先锋C
001516,大成安汇金融债E
001517,大成景裕灵活配置混合A
001518,万家瑞兴
001520,国投瑞银研究精选股票
001521,国寿安保成长优选股票
001522,博时新策略灵活配置混合A
001523,博时新策略灵活配置混合C
001524,华泰柏瑞精选回报混合
001528,诺安先进制造股票
001530,万家瑞富灵活配置混合
001531,招商安益灵活配置混合
001532,华安文体健康混合
001533,华泰柏瑞爱利混合
001534,华宝万物互联混合
001535,景顺长城改革机遇灵活配置A
001536,南方君选
001537,中加改革红利混合
001538,上投摩根科技前沿灵活配置混合
001539,嘉实中证金融地产ETF联接A
001540,浙商汇金转型驱动
001541,汇添富民营新动力股票
001542,国泰互联网+股票
001543,宝盈新锐混合A
001545,博时裕嘉纯债3个月定开债
001546,博时裕盈3个月定开债
001547,兴业聚惠灵活配置混合A
001548,天弘上证50指数A
001549,天弘上证50指数C
001550,天弘中证医药100A
001551,天弘中证医药100C
001552,天弘中证证券保险A
001553,天弘中证证券保险C
001554,天弘中证全指运输A
001555,天弘中证全指运输C
001556,天弘中证500指数增强A
001557,天弘中证500指数增强C
001558,天弘医疗健康混合A
001559,天弘医疗健康混合C
001560,天弘中证移动互联网A
001561,天弘中证移动互联网C
001562,易方达瑞和灵活配置混合
001563,华富健康文娱灵活配置混合
001564,东方红京东大数据混合
001565,永赢量化混合发起式
001566,南方利达A
001567,南方利达C
001568,泰达宏利增利混合
001569,泰信国策驱动灵活配置混合
001570,南方利安A
001571,嘉合磐石A
001572,嘉合磐石C
001573,南方互联网+灵活配置混合
001574,中海混改红利混合
001575,兴银稳健债券
001576,国泰智能装备股票
001577,嘉实低价策略股票
001578,博时裕瑞纯债债券
001579,国泰大农业股票
001580,南方利安C
001581,华安沪港深通精选灵活配置混合
001582,大成景辉灵活配置混合A
001583,安信新常态股票
001584,国投瑞银新活力定开混合A
001585,国投瑞银新活力定开混合C
001586,天弘中证100指数A
001587,天弘中证100指数C
001588,天弘中证800指数A
001589,天弘中证800指数C
001590,天弘中证环保产业A
001591,天弘中证环保产业C
001592,天弘创业板ETF联接基金A
001593,天弘创业板ETF联接基金C
001594,天弘中证银行ETF联接A
001595,天弘中证银行ETF联接C
001596,信诚新泽A
001597,招商丰融混合A
001598,招商丰融混合C
001599,天弘中证高端装备制造A
001600,天弘中证高端装备制造C
001601,鑫元鑫新收益灵活配置混合A
001602,鑫元鑫新收益灵活配置混合C
001603,易方达安盈回报混合
001604,浙商汇金转型升级灵活配置混合
001605,国富沪港深成长精选股票
001606,农银工业4.0混合
001607,英大策略优选A
001608,英大策略优选C
001609,平安鑫享混合A
001610,平安鑫享混合C
001611,天弘中证休闲娱乐指数A
001612,天弘中证休闲娱乐指数C
001613,长城久祥混合
001614,东方区域发展混合
001616,嘉实环保低碳股票
001617,天弘中证电子ETF联接A
001618,天弘中证电子ETF联接C
001619,兴银汇福定开债
001622,新华鑫锐混合
001623,兴业国企改革混合
001626,国泰央企改革股票
001627,融通新优选灵活配置混合
001628,招商体育文化休闲股票
001629,天弘中证计算机ETF联接A
001630,天弘中证计算机ETF联接C
001631,天弘中证食品饮料指数A
001632,天弘中证食品饮料指数C
001633,万家瑞祥混合A
001634,万家瑞祥混合C
001635,万家瑞益灵活配置混合A
001636,万家瑞益灵活配置混合C
001637,嘉实腾讯自选股大数据策略股票
001638,前海开源优势蓝筹股票C
001639,嘉实新常态混合A
001640,嘉实新常态混合C
001641,富国绝对收益多策略混合A
001643,汇丰晋信智造先锋股票A
001644,汇丰晋信智造先锋股票C
001645,国泰大健康股票
001647,天弘聚利灵活配置混合
001648,工银新价值灵活配置混合
001649,工银工业4.0股票
001650,工银丰收回报灵活配置混合A
001651,工银新蓝筹股票
001652,德邦纯债18个月定开债A
001653,德邦纯债18个月定开债C
001654,国联安添鑫灵活配置混合C
001655,大摩收益18个月开放债券
001656,农银中国优势灵活配置混合
001657,长安鑫富领先混合
001659,富安达新动力混合
001660,富安达行业轮动混合
001661,博时信用债纯债债券C
001662,创金合信沪港深精选混合
001663,中银互联网+股票
001664,平安鑫安混合A
001665,平安鑫安混合C
001667,南方转型混合
001670,长城新策略混合A
001671,长城新策略混合C
001672,国寿安保智慧生活股票
001673,红塔红土优质成长A
001674,红塔红土优质成长C
001675,江信同福A
001676,江信同福C
001677,中银战略新兴产业股票A
001678,英大国企改革主题股票
001679,前海开源中国稀缺资产混合A
001680,九泰久利灵活配置混合
001681,新华积极价值灵活配置混合
001682,新华鑫回报混合
001685,汇添富沪港深新价值股票
001686,安信新动力混合A
001687,安信新动力混合C
001688,嘉实新起点混合A
001692,南方国策动力
001693,招商招利1个月期理财债券C
001694,华安沪港深外延增长混合
001695,泓德泓业混合
001696,南方智造股票
001700,建信鑫盛回报灵活配置混合
001701,中融产业升级混合
001702,东方创新科技混合
001703,银华沪港深增长股票
001704,国投瑞银进宝灵活配置混合
001705,泓德战略转型股票
001706,诺安积极回报混合
001707,诺安高端制造股票
001708,东兴改革精选混合
001709,华富物联世界灵活配置混合
001710,安信新趋势混合A
001711,安信新趋势混合C
001712,东方红优势精选混合
001713,华润元大中创100
001714,工银文体产业股票A
001715,工银新焦点混合A
001716,工银新趋势灵活配置混合A
001717,工银前沿医疗股票A
001718,工银物流产业股票
001719,工银国家战略股票
001720,工银新增利混合
001721,工银新增益混合
001722,工银银和利混合
001723,华商新动力混合
001724,申万菱信多策略灵活配置混合C
001725,汇添富高端制造股票
001726,汇添富新兴消费股票
001727,申万菱信安鑫回报混合C
001729,银华逆向投资定开混合
001730,兴银大健康
001731,广发百发大数据价值混合A
001732,广发百发大数据价值混合E
001733,泰达宏利量化股票
001734,广发百发大数据成长混合A
001735,广发百发大数据成长混合E
001736,圆信永丰优加生活
001737,大摩沪港深新价值混合
001739,中融融安混合二号
001740,光大中国制造2025混合
001741,广发百发大数据精选混合A
001742,广发百发大数据精选混合E
001743,诺安优选回报混合
001744,诺安进取回报混合
001745,易方达瑞富灵活配置混合I
001746,易方达瑞富灵活配置混合E
001747,易方达瑞祺灵活配置混合I
001748,易方达瑞祺灵活配置混合E
001749,招商中国机遇股票
001750,景顺长城景瑞收益债券A
001751,华商信用增强债券A
001752,华商信用增强债券C
001753,红土创新新兴产业混合
001754,永赢量化灵活配置混合发起式
001755,嘉实新思路混合
001756,嘉实策略优选混合
001757,嘉实主题增强混合
001758,嘉实研究增强混合
001759,嘉实成长增强混合
001760,嘉实创新成长混合
001761,广发安宏回报混合A
001762,广发安宏回报混合C
001763,广发多策略混合
001764,广发沪港深新机遇股票
001765,前海开源嘉鑫混合A
001766,上投摩根医疗健康股票
001767,华宝中国互联股票人民币
001768,华宝中国互联股票美元
001770,前海开源嘉鑫混合C
001775,鹏华弘泰C
001776,中欧兴利债券
001777,德邦多元回报灵活配置混合A
001778,德邦多元回报灵活配置混合C
001779,中融稳健添利债券
001780,诺安改革趋势灵活配置混合
001781,建信现代服务业股票
001782,九泰久益混合A
001783,兴银合盈债券A
001784,兴银合盈债券C
001786,国泰信益灵活配置混合
001789,国泰量化收益灵活配置混合
001790,国泰智能汽车股票
001791,大成绝对收益策略混合A
001792,大成绝对收益策略混合C
001794,兴银朝阳债券
001795,上投摩根文体休闲灵活配置混合
001796,汇添富安鑫智选混合A
001797,华融新利灵活配置混合
001798,泰康新回报灵活配置混合A
001799,泰康新回报灵活配置混合C
001800,华安新乐享混合
001801,汇添富达欣混合A
001802,易方达瑞财混合I
001803,易方达瑞财混合E
001806,易方达瑞智灵活配置混合I
001807,易方达瑞智灵活配置混合E
001808,银华互联网主题灵活配置混合
001809,中信建投智信物联网A
001810,中欧潜力价值灵活配置混合A
001811,中欧明睿新常态混合A
001813,国泰福益灵活配置混合
001815,华泰柏瑞激励动力混合A
001816,汇添富新睿精选混合A
001817,易方达瑞兴灵活配置混合I
001818,易方达瑞兴灵活配置混合E
001819,兴全稳益定开债发起式
001822,华商智能生活灵活配置混合
001823,光大鼎鑫混合C
001824,博时沪港深成长企业
001825,建信中国制造2025
001827,富国研究优选沪港深混合
001829,北信瑞丰中国智造
001830,融通跨界成长灵活配置混合
001832,易方达瑞恒灵活配置混合
001834,长盛战略新兴产业混合C
001835,易方达瑞祥灵活配置混合I
001836,易方达瑞祥灵活配置混合E
001837,前海开源沪港深蓝筹精选混合
001838,国投瑞银国家安全混合
001839,九泰久兴灵活配置混合
001840,招商丰享混合C
001841,招商丰享混合A
001844,九泰久益混合C
001845,国寿安保稳恒混合A
001846,国寿安保稳健回报混合A
001847,国寿安保尊盈一年债券A
001848,国寿安保尊盈一年债券C
001849,前海开源强势共识100强股票
001850,国泰安益灵活配置混合A
001851,中融强国制造混合
001852,融通中国风1号灵活配置混合A/B
001854,景顺长城景颐增利债券A
001855,景顺长城景颐增利债券C
001856,易方达环保主题混合
001857,易方达现代服务业混合
001858,建信鑫利灵活配置混合
001859,大摩增值18个月开放债券A
001860,大摩增值18个月开放债券C
001861,富安达健康人生混合
001862,东方红收益增强债券A
001863,东方红收益增强债券C
001864,中海魅力长三角混合
001865,前海开源事件驱动混合C
001866,北信瑞丰新成长
001868,招商产业债券C
001869,招商制造业混合A
001872,嘉实丰益信用定期债券C
001873,嘉实增强收益定期债券C
001874,前海开源沪港深价值精选混合
001875,前海开源沪港深优势精选混合
001877,宝盈国家安全沪港深股票
001878,嘉实沪港深精选股票
001879,长城创业板指数增强A
001880,长城中国智造灵活配置混合A
001881,中欧新趋势混合E
001882,中欧价值发现混合E
001883,中欧新动力混合(LOF)E
001884,中欧互通精选混合E
001885,中欧新蓝筹混合E
001886,中欧行业成长混合(LOF)E
001887,中欧价值智选混合E
001888,中欧盛世成长混合(LOF)E
001889,中欧增强回报债券(LOF)E
001890,中欧精选定期开放混合E
001891,中欧成长优选混合E
001892,长盛新兴成长混合
001896,泰达宏利绝对混合
001897,九泰久盛量化先锋混合A
001898,易方达大健康混合
001899,东海社会安全
001900,诺安精选价值混合
001901,前海开源沪港深隆鑫混合A
001902,前海开源沪港深隆鑫混合C
001903,光大欣鑫混合A
001904,光大欣鑫混合C
001905,华安安益灵活配置混合
001907,国投瑞银境煊灵活配置混合A
001908,国投瑞银境煊灵活配置混合C
001910,泰康新机遇混合
001911,博时裕恒纯债债券
001912,中欧强势多策略债券
001914,中信建投聚利混合A
001915,宝盈医疗健康沪港深股票
001917,招商量化精选股票A
001918,圆信永丰兴利A
001919,圆信永丰兴利C
001920,景顺长城景颐宏利债券A
001921,景顺长城景颐宏利债券C
001922,国泰多策略收益混合
001923,国泰添益灵活配置混合
001924,华夏国企改革混合
001927,华夏消费升级灵活配置混合A
001928,华夏消费升级灵活配置混合C
001932,国寿安保灵活优选混合
001933,华商新兴活力混合
001938,中欧时代先锋股票A
001939,光大睿鑫混合A
001940,农银现代农业加
001941,融通通源短融债券B
001942,前海开源沪港深汇鑫混合A
001943,前海开源沪港深汇鑫混合C
001945,东方红信用债债券A
001946,东方红信用债债券C
001947,上投摩根安鑫回报A
001948,建信稳定丰利债券A
001949,建信稳定丰利债券C
001950,鹏华丰泰定开债B
001951,金鹰改革红利混合
001952,光大尊尚一年定开债A
001953,光大尊尚一年定开债C
001955,中欧养老产业混合
001956,国联安科技动力
001957,嘉合磐通债券A
001958,嘉合磐通债券C
001959,华商乐享互联灵活配置混合
001960,兴银瑞益
001961,博时裕荣纯债债券
001963,中欧天禧债券
001964,诺安泰鑫一年定开债C
001965,圆信永丰兴源灵活配置混合A
001966,圆信永丰兴源灵活配置混合C
001967,华宝转型升级混合
001968,光大尊盈半年定开债A
001969,光大尊盈半年定开债C
001970,泰信鑫选灵活配置混合A
001971,博时产业债纯债债券C
001972,前海开源沪港深智慧生活混合
001974,景顺长城量化新动力股票
001975,景顺长城环保优势股票
001976,海富通一年定开债C
001978,泰信互联网+混合
001979,南方沪港深价值
001980,中欧量化驱动混合
001983,中邮低碳配置混合
001985,富国低碳新经济混合A
001986,前海开源人工智能主题混合
001988,南方纯元A
001989,南方纯元C
001990,中欧数据挖掘混合A
001993,博时裕泰纯债债券
001994,华安年年红债券C
001997,工银新趋势灵活配置混合C
001998,工银新焦点混合C
001999,博时安荣18个月定开债
002000,工银新生利混合
002001,华夏回报混合A
002003,工银新机遇灵活配置混合A
002004,工银新机遇灵活配置混合C
002005,工银新得利混合
002006,工银新得益混合
002007,工银新得润混合
002008,博时裕晟纯债债券
002009,中欧瑾通灵活配置混合A
002010,中欧瑾通灵活配置混合C
002011,华夏红利混合
002013,中欧琪丰灵活配置混合A
002014,中欧琪丰灵活配置混合C
002015,南方荣光A
002016,南方荣光C
002017,招商瑞丰灵活配置混合发起式C
002018,鹏华弘安混合A
002019,鹏华弘安混合C
002020,国都创新驱动
002021,华夏回报二号混合
002023,红塔红土稳健回报A
002024,红塔红土稳健回报C
002025,广发聚盛混合A
002026,广发聚盛混合C
002027,中加心享混合A
002028,九泰天宝灵活配置混合C
002029,安信动态策略混合C
002030,信诚新选混合B
002031,华夏策略混合
002033,华安新财富灵活配置混合A
002034,华安新财富灵活配置混合C
002035,安信平稳增长混合发起C
002036,安信优势增长混合C
002037,华安新希望灵活配置混合A
002038,华安新希望灵活配置混合C
002039,国投瑞银新收益混合A
002040,国投瑞银新收益混合C
002041,国投瑞银新成长混合A
002042,国投瑞银新成长混合C
002043,天治研究驱动混合C
002045,国泰生益灵活配置混合C
002046,信诚新锐混合B
002047,信诚新鑫混合B
002049,融通新机遇灵活配置混合
002051,诺安创新驱动混合C
002052,诺安稳健回报灵活配置混合C
002053,诺安优势行业混合C
002054,中银新财富混合A
002055,国泰兴益灵活配置混合C
002056,中银新财富混合C
002057,中银新机遇混合A
002058,中银新机遇混合C
002059,国泰浓益灵活配置混合C
002060,东方新策略灵活配置混合C
002061,国泰安康定期支付混合C
002062,国泰国策驱动灵活配置混合C
002063,国泰沪深300指数增强C
002064,华富产业升级灵活配置混合
002065,景顺长城景盛双息收益债券A
002066,景顺长城景盛双息收益债券C
002067,诺安精选回报混合
002068,东方多策略灵活配置混合C
002069,华泰柏瑞盛利混合A
002070,华泰柏瑞盛利混合C
002071,长安产业精选混合C
002072,长安鑫利优选混合C
002073,圆信永丰兴融A
002074,圆信永丰兴融C
002075,光大睿鑫混合C
002076,浙商中证500指数增强A
002079,前海开源中国稀缺资产混合C
002080,前海开源一带一路混合C
002081,大成景沛灵活配置混合A
002082,华泰柏瑞激励动力混合C
002083,新华鑫动力灵活配置混合A
002084,新华鑫动力灵活配置混合C
002085,长盛互联网+混合
002086,大成景安短融债券E
002087,国富新机遇混合A
002088,国富新机遇混合C
002089,长盛盛鑫混合A
002090,长盛盛鑫混合C
002091,华泰柏瑞新利混合C
002092,国富新增长混合A
002093,国富新增长混合C
002094,华泰柏瑞制造2025混合C
002095,博时新收益A
002096,博时新收益C
002097,国富新价值混合A
002098,国富新价值混合C
002099,国富新活力混合A
002100,国富新活力混合C
002101,创金合信转债精选债券A
002102,创金合信转债精选债券C
002103,招商康泰灵活配置混合
002104,博时新价值A
002105,博时新价值C
002106,德邦福鑫灵活配置混合C
002107,广发安富回报混合A
002108,广发安富回报混合C
002109,博时裕丰纯债3个月定开债
002110,中海中鑫灵活配置混合
002111,华宝新起点混合
002112,德邦鑫星价值灵活配置混合C
002113,德邦纯债债券C
002114,国富新收益混合A
002115,国富新收益混合C
002116,广发安享混合A
002117,广发安享混合C
002118,广发安盈混合A
002119,广发安盈混合C
002120,广发安悦回报混合A
002121,广发沪港深新起点股票A
002122,广发新常态混合
002123,北信瑞丰外延增长
002124,广发新兴产业混合A
002125,广发新兴成长混合
002126,广发鑫富混合A
002127,广发鑫富混合C
002128,广发鑫惠纯债定开
002129,广发鑫利混合
002130,广发鑫隆混合A
002131,广发鑫隆混合C
002132,广发鑫享混合
002133,广发鑫益混合
002134,广发鑫裕混合A
002135,广发鑫源混合A
002136,广发鑫源混合C
002137,诺安利鑫灵活配置混合
002138,泓德裕泰债券A
002139,泓德裕泰债券C
002140,博时裕诚纯债债券
002141,建信鑫丰回报灵活配置混合C
002142,博时外延增长主题灵活配置混合
002144,华安新优选灵活配置混合C
002145,诺安景鑫灵活配置混合
002146,长安鑫益增强混合A
002147,长安鑫益增强混合C
002148,国寿安保稳惠混合
002149,嘉实新优选混合
002150,博时裕和纯债
002152,华宝核心优势混合
002153,华安安润灵活配置混合A
002154,华安安润灵活配置混合C
002155,国金鑫瑞灵活配置混合
002156,长盛盛世混合A
002157,长盛盛世混合C
002158,汇添富安鑫智选混合C
002159,东吴国企改革
002160,南方驱动混合
002161,银华万物互联灵活配置混合
002162,东方新价值混合C
002163,东方惠新灵活配置混合C
002164,汇添富新睿精选混合C
002165,汇添富达欣混合C
002166,华夏永福混合C
002167,南方顺康混合
002168,嘉实智能汽车股票
002169,永赢稳益债券
002170,东吴移动互联C
002172,海富通新内需混合C
002173,东方大健康混合
002174,东方互联网嘉混合
002175,博时裕乾纯债A
002177,信诚新泽B
002178,嘉实新起点混合C
002179,华安事件驱动量化策略混合
002180,中银移动互联灵活配置混合
002181,华安大安全混合
002182,东兴蓝海财富混合
002186,国联安鑫享灵活配置混合C
002187,国联安鑫富混合C
002188,鹏华丰华债券
002189,农银汇理国企改革混合
002190,农银新能源主题
002191,农银物联网混合
002192,东方鼎新灵活配置混合C
002193,东方利群混合C
002194,北信瑞丰稳定增强
002196,金鹰技术领先灵活配置混合C
002197,国泰鑫策略价值混合
002198,博时裕达纯债债券
002199,前海开源中证军工指数C
002203,国泰睿信平衡混合
002204,国泰安心回报混合
002206,博时裕康纯债债券
002207,前海开源金银珠宝混合C
002208,博时境源保本A
002209,博时境源保本C
002210,创金合信量化多因子股票A
002211,嘉实新财富混合
002212,嘉实新起航混合
002213,中海顺鑫灵活配置混合
002214,中海沪港深价值优选混合
002215,招商招益一年定开债
002216,易方达量化策略A
002217,易方达量化策略C
002218,南方弘利A
002219,南方弘利C
002220,南方瑞利灵活配置混合
002221,嘉实价值增强混合
002222,嘉实新趋势混合
002223,中邮尊享一年定开混合
002225,长城新视野混合A
002226,长城新视野混合C
002227,长城新优选混合A
002228,长城新优选混合C
002229,华夏经济转型股票
002231,华夏新趋势混合A
002232,华夏新趋势混合C
002233,工银丰收回报灵活配置混合C
002236,大成360互联网+大数据100A
002237,大成景沛灵活配置混合C
002242,国投瑞银瑞兴灵活配置混合
002244,景顺长城低碳科技主题混合
002245,泰康稳健增利债券A
002246,泰康稳健增利债券C
002249,招商境远灵活配置混合
002250,红土创新改革红利混合
002251,华夏军工安全混合
002252,融通成长30灵活配置混合
002256,金信行业优选混合发起式
002258,大成国企改革灵活配置混合
002259,鹏华健康环保混合
002261,中银宝利混合A
002262,中银宝利混合C
002263,泰达宏利大数据混合A
002264,华夏乐享健康混合
002265,鑫元兴利定期开放债
002266,博时安和18个月定开债A
002267,博时安和18个月定开债C
002268,兴业丰利债券
002270,东吴安盈量化灵活配置混合
002271,招商安弘灵活配置混合
002272,新华科技创新主题灵活配置混合
002273,泰达宏利创益混合B
002274,中邮纯债聚利债券A
002275,中邮纯债聚利债券C
002276,中邮纯债恒利债券A
002277,中邮纯债恒利债券C
002278,中邮稳健合赢债券
002279,浙商惠盈纯债A
002280,华富安享债券
002281,建信裕利灵活配置混合
002282,平安安享灵活配置混合A
002283,长盛同裕纯债A
002284,长盛同裕纯债C
002285,长盛同裕纯债E
002288,中银稳进策略混合
002289,华商改革创新股票
002290,大成景辉灵活配置混合C
002291,诺安安鑫灵活配置混合
002292,诺安益鑫灵活配置混合
002293,南方益和混合
002294,博时新机遇混合C
002295,广发稳安灵活配置A
002296,长城行业轮动混合
002297,方正富邦优选灵活配置混合C
002300,长盛医疗行业量化配置股票
002301,兴业短债债券A
002303,金鹰智慧生活混合
002304,平安安心灵活配置混合A
002305,光大风格轮动混合A
002306,银华合利债券
002307,银华多元视野灵活配置混合
002308,安信安盈保本混合A
002309,国寿安保稳恒混合C
002310,创金合信沪深300指数增强A
002311,创金合信中证500指数增强A
002312,国寿安保稳健回报混合C
002313,泰达宏利新起点混合B
002314,泰达宏利新思路混合B
002315,创金合信沪深300指数增强C
002316,创金合信中证500指数增强C
002317,招商睿逸混合
002319,大成一带一路灵活配置混合
002322,银华汇利灵活配置混合C
002323,银华稳利灵活配置混合C
002326,银华聚利灵活配置混合C
002327,银华恒利灵活配置混合C
002328,银华泰利灵活配置混合C
002330,兴业聚宝灵活配置混合
002331,泰康安泰回报混合
002332,汇丰晋信沪港深A
002333,汇丰晋信沪港深C
002334,汇丰晋信大盘波动股票A
002335,汇丰晋信大盘波动股票C
002336,创金合信尊享纯债
002337,创金合信季安鑫3个月A
002338,兴业优债增利债券A
002339,海富通安颐收益混合C
002340,富国价值优势混合
002341,招商招瑞纯债发起式A
002342,融通增益债券A/B
002344,融通增益债券C
002345,华夏高端制造混合
002346,华夏鼎诚债券A
002347,华夏鼎诚债券I
002348,华夏鼎新债券A
002350,华安安华灵活配置混合
002351,易方达裕祥回报债券
002354,博时裕腾纯债
002355,国投瑞银岁赢利债券
002356,博时安泰18个月定开债A
002357,博时安泰18个月定开债C
002358,国投瑞银瑞祥
002360,前海开源清洁能源混合C
002361,国富恒瑞债券A
002362,国富恒瑞债券C
002363,华安安康灵活配置混合A
002364,华安安康灵活配置混合C
002367,国联安安稳混合
002368,国联安鑫悦灵活配置混合A
002369,国联安鑫悦灵活配置混合C
002370,大成景秀灵活配置混合C
002371,大成景明灵活配置混合C
002372,大成景穗灵活配置混合C
002373,大成景源灵活配置混合C
002374,大成景鹏灵活配置混合C
002375,大成景裕灵活配置混合C
002376,国寿安保核心产业混合
002377,建信睿怡纯债
002378,建信弘利灵活配置混合
002381,东海祥瑞A
002382,东海祥瑞C
002383,大成趋势回报灵活配置混合
002384,九泰鸿祥服务升级灵活配置混合
002385,博时沪深300指数C
002386,工银中国制造2025股票
002387,工银沪港深股票A
002388,天弘裕利灵活配置混合A
002389,招商安德灵活配置混合A
002390,招商安德灵活配置混合C
002395,鹏华丰尚定开债A
002396,鹏华丰尚定开债B
002397,中邮增力债券
002398,华安安禧混合A
002399,华安安禧混合C
002404,博时裕乾纯债C
002405,光大中高等级债券A
002406,光大中高等级债券C
002407,前海开源恒远灵活配置混合
002408,中信建投医改混合A
002409,华夏新活力混合A
002410,华夏新活力混合C
002411,华夏新机遇混合A
002412,华富安福债券
002413,中银瑞利混合A
002414,中银瑞利混合C
002415,融通通盈灵活配置混合
002416,招商丰利灵活配置混合C
002417,招商丰盛稳定增长混合C
002418,汇添富优选回报灵活配置混合C
002419,汇添富盈安灵活配置混合
002420,汇添富盈鑫混合
002421,新华增强债券A
002422,新华增强债券C
002424,博时文体娱乐主题混合
002425,金鹰元禧混合C
002430,中银丰利混合A
002431,中银丰利混合C
002433,天弘金利混合
002434,中银宏利混合A
002435,中银宏利混合C
002436,上投摩根红利回报混合C
002438,创金合信尊盛纯债
002439,创金合信睿合定开混合
002440,中加瑞盈债券
002441,德邦新添利债券C
002442,鑫元汇利债券
002443,前海开源沪港深龙头精选混合
002445,兴业丰泰债券
002446,广发利鑫灵活配置混合A
002447,博时裕安纯债定开债发起式
002448,江信汇福
002449,民生加银量化中国混合
002450,平安睿享文娱混合A
002451,平安睿享文娱混合C
002452,民生加银和鑫定开债
002453,九泰久稳灵活配置混合A
002454,九泰久稳灵活配置混合C
002455,民生加银鑫喜混合
002456,招商安元灵活配置混合A
002457,招商安元灵活配置混合C
002458,国泰民利策略收益混合
002459,华夏鼎利债券发起式A
002460,华夏鼎利债券发起式C
002461,中银珍利混合A
002462,中银珍利混合C
002463,创金合信价值红利混合A
002464,创金合信尊利纯债
002465,东兴众智优选混合
002466,博时裕新纯债
002470,泰达多元回报债券A
002471,泰达多元回报债券C
002472,光大先进服务业混合
002474,中邮睿信增强债
002475,中邮睿利增强债券
002476,博时安瑞18个月定开债A
002477,博时安瑞18个月定开债C
002478,中欧天添债券A
002479,中欧天添债券C
002480,东方荣家保本混合
002481,银华双动力债券
002482,宝盈互联网沪港深混合
002483,富国泰利定开债发起式
002485,国联安通盈混合C
002486,上银慧添利债券
002487,汇添富稳添利定开债A
002488,汇添富稳添利定开债C
002489,国泰民福策略价值混合
002490,金鹰元祺信用债
002491,银华添益定开债
002492,工银月月薪定期支付债券C
002494,兴业聚盈灵活配置混合
002495,前海开源量化优选A
002496,前海开源量化优选C
002497,东方盛世灵活配置混合A
002498,兴业聚鑫灵活配置混合A
002499,德邦纯债9个月定开债A
002500,德邦纯债9个月定开债C
002501,银华远景债券
002502,中银腾利混合A
002503,中银腾利混合C
002504,鹏华金鼎灵活配置混合A
002505,鹏华金鼎灵活配置混合C
002506,招商招盈18个月定开债
002507,兴业定开债C
002508,华宝宝鑫债券A
002509,华宝宝鑫债券C
002510,申万菱信中证500指数增强A
002512,长城久润混合
002513,金鹰元安混合C
002514,招商丰益混合A
002515,招商丰益混合C
002516,招商丰达混合A
002517,招商丰达混合C
002518,民生加银鑫福混合A
002519,博时裕景纯债
002520,招商招瑞纯债发起式C
002521,永赢双利债券A
002522,永赢双利债券C
002523,光大恒利纯债
002524,兴业福益债券
002528,泰康安益纯债A
002529,泰康安益纯债C
002530,博时保泽保本A
002531,博时保泽保本C
002532,中欧强盈债券
002533,中加心享混合C
002534,华安稳固收益债券A
002535,中银鑫利混合A
002536,中银鑫利混合C
002537,平安安盈灵活配置混合
002538,招商丰嘉混合A
002539,招商丰嘉混合C
002540,招商丰和混合A
002541,招商丰和混合C
002542,长城久鼎混合
002543,长城久益混合A
002544,长城久益混合C
002545,东方岳灵活配置混合
002547,民生加银养老服务混合
002548,嘉实稳瑞纯债债券
002549,嘉实稳祥纯债债券A
002550,嘉实稳荣债券
002551,嘉实稳泰债券
002552,华夏恒利定开债
002553,博时创业成长混合C
002554,信达澳银纯债债券
002555,博时沪港深优质企业基金C
002556,博时丝路主题股票C
002557,博时灵活配置混合C
002558,博时鑫瑞混合A
002559,博时鑫瑞混合C
002560,诺安和鑫灵活配置混合
002561,东吴安鑫量化
002562,泓德泓益量化混合
002563,泓德泓汇混合
002564,新沃通盈灵活配置混合
002565,创金合信鑫安保本A
002566,创金合信鑫安保本C
002567,大成国家安全主题混合
002568,博时裕发纯债
002569,博时裕弘纯债债券
002570,兴银长禧定开债
002571,长盛同泰债券A
002572,长盛同泰债券C
002573,建信汇利灵活配置混合
002574,招商瑞庆混合A
002575,招商丰睿混合A
002576,招商丰睿混合C
002577,南方新兴混合
002578,博时裕泉纯债债券
002579,融通增利债券
002580,泰信鑫选灵活配置混合C
002581,招商丰凯混合A
002582,招商丰凯混合C
002583,泰信行业精选混合C
002584,富安达长盈灵活配置混合
002585,建信兴利灵活配置混合
002586,金鹰添利信用债债券A
002587,金鹰添利信用债债券C
002588,博时银智大数据100A
002589,山西证券保本混合A
002590,山西证券保本混合C
002591,中欧信用增利债券(LOF)E
002592,中欧纯债债券(LOF)E
002593,富国美丽中国混合
002594,工银现代服务业混合
002595,博时工业4.0主题股票
002597,兴业成长动力混合
002598,平安消费精选混合A
002599,平安消费精选混合C
002600,易方达裕景添利6个月定开债
002601,中银证券价值精选混合
002602,易方达丰惠混合
002603,工银瑞丰半年定开债发起式
002604,华夏新起点混合A
002605,融通新消费灵活配置混合
002608,博时泰和债券A
002609,博时泰和债券C
002610,博时黄金ETF联接A
002611,博时黄金ETF联接C
002612,融通通慧混合A/B
002614,中银颐利混合A
002615,中银颐利混合C
002616,中银益利混合A
002617,中银益利混合C
002618,中银裕利混合A
002619,中银裕利混合C
002620,中邮未来新蓝筹混合
002621,中欧消费主题股票A
002622,广发稳裕混合
002623,广发服务业精选混合
002624,广发优企精选混合A
002626,招商丰源混合A
002627,招商丰源混合C
002628,招商安博灵活配置混合A
002629,招商安博灵活配置混合C
002630,江信瑞福灵活配置混合A
002631,江信瑞福灵活配置混合C
002632,鑫元双债增强债券A
002633,鑫元双债增强债券C
002634,华宝未来主导混合
002635,融通增鑫债券
002636,广发集裕债券A
002637,广发集裕债券C
002638,兴业天融债券
002639,天弘价值精选灵活配置混合
002640,中信建投睿溢混合A
002641,博时安润18个月定开债A
002642,博时安润18个月定开债C
002643,鹏华兴利混合
002644,大成景荣债券A
002645,大成景荣债券C
002648,东方合家保本混合
002649,民生智造2025灵活配置混合
002650,东方红稳添利纯债
002651,东方红汇利债券A
002652,东方红汇利债券C
002653,泰康沪港深精选混合
002654,上投摩根策略精选混合
002656,南方创业板ETF联接A
002657,招商安裕灵活配置混合A
002658,招商安裕灵活配置混合C
002659,兴业中债1-3年政金债A
002660,兴业聚源灵活配置混合
002661,兴业天禧债券
002662,前海开源沪港深大消费混合A
002663,前海开源沪港深大消费混合C
002664,万家瑞和灵活配置混合A
002665,万家瑞和灵活配置混合C
002666,前海开源沪港深创新成长混合A
002667,前海开源沪港深创新成长混合C
002668,兴业聚丰灵活配置混合
002669,华商万众创新混合
002670,万家沪深300指数增强A
002671,万家沪深300指数增强C
002674,中融融丰纯债A
002675,中融融丰纯债C
002677,国投瑞银和安债券A
002678,国投瑞银和安债券C
002681,金鹰元和灵活配置混合A
002682,金鹰元和灵活配置混合C
002683,民生加银前沿科技灵活配置混合
002684,民生加银鑫安纯债A
002685,中欧丰泓沪港深混合A
002686,中欧丰泓沪港深混合C
002690,前海开源恒泽混合A
002691,前海开源恒泽混合C
002692,富国创新科技混合A
002693,中银合利债券
002694,中银新蓝筹混合
002695,鹏华兴泽定期开放混合A
002696,鹏华兴泽定期开放混合C
002697,中欧消费主题股票C
002698,博时裕利纯债债券
002699,华夏新起航混合A
002700,华夏新起航混合C
002701,东方红汇阳债券A
002702,东方红汇阳债券C
002703,长城久源灵活配置混合
002704,德邦锐兴债券A
002705,德邦锐兴债券C
002707,大摩科技领先混合
002708,大摩健康产业混合
002711,广发集丰债券A
002712,广发集丰债券C
002714,鹏华金城混合
002715,新华健康生活主题混合
002716,博时裕通定开债A
002717,红塔红土盛隆灵活配置A
002718,红塔红土盛隆灵活配置C
002719,融通增祥三个月定开债
002720,国寿安保尊利增强回报债券A
002721,国寿安保尊利增强回报债券C
002723,江信祺福A
002724,江信祺福C
002725,中欧强瑞多策略债券
002726,华富诚鑫灵活配置混合A
002727,华富诚鑫灵活配置混合C
002728,华富益鑫灵活配置混合A
002729,华富益鑫灵活配置混合C
002730,华富华鑫灵活配置混合A
002731,华富华鑫灵活配置混合C
002732,长盛沪港深混合
002734,泓德裕荣纯债债券A
002735,泓德裕荣纯债债券C
002736,泓德裕和纯债债券A
002737,泓德裕和纯债债券C
002738,泓德裕康债券A
002739,泓德裕康债券C
002740,泓德裕泽一年定开债券A
002741,泓德裕泽一年定开债券C
002742,泓德裕祥债券A
002743,泓德裕祥债券C
002744,嘉实稳丰纯债债券
002745,北信瑞丰丰利混合
002746,汇添富多策略定开混合
002749,嘉实稳盛债券
002750,工银泰享三年理财债券
002751,博时安恒18个月定开债A
002752,博时安恒18个月定开债C
002754,博时裕创纯债
002755,博时裕盛纯债债券
002756,招商招兴3个月定开A
002757,招商招兴3个月定开C
002761,博时安源18个月A
002762,博时安源18个月C
002763,大成景华一年定开债A
002764,大成景华一年定开债C
002765,新华双利债券A
002766,新华双利债券C
002767,泰康宏泰回报混合
002768,华安安进灵活配置混合
002769,兴业短债债券C
002770,安信新回报混合A
002771,安信新回报混合C
002772,光大产业新动力混合
002773,光大铭鑫混合A
002774,光大铭鑫混合C
002775,博时景兴纯债债券
002776,招商安荣混合A
002777,招商安荣混合C
002778,新疆前海联合新思路混合A
002779,新疆前海联合新思路混合C
002780,前海联合泓鑫混合A
002781,博时聚瑞6个月定开债
002782,富国祥利定开债发起式
002783,东方红价值精选混合A
002784,东方红价值精选混合C
002785,中融融裕双利债券A
002786,中融融裕双利债券C
002789,长盛同享灵活配置A
002790,长盛同享灵活配置C
002791,融通通景灵活配置混合
002792,景顺长城顺益回报混合A
002793,景顺长城顺益回报混合C
002794,天弘永利债券E
002795,平安惠盈纯债A
002796,景顺长城景盈双利债券A
002797,景顺长城景盈双利债券C
002798,融通稳利债券A
002801,泓德泓信混合
002802,广发东财大数据混合
002803,东方红沪港深混合
002804,华泰柏瑞量化对冲
002806,浙商汇金聚利一年定开债C
002807,融通通安债券
002808,泓德优势领航混合
002809,鹏华兴华定期开放混合
002810,金信转型创新成长混合发起式
002811,博时裕顺纯债债券
002812,博时裕通定开债C
002813,博时颐泰混合A
002814,博时颐泰混合C
002815,招商招益两年定开债A
002816,招商招益两年定开债C
002817,招商招恒纯债A
002818,招商招恒纯债C
002819,招商丰美混合A
002820,招商丰美混合C
002821,招商丰乐灵活配置混合A
002822,招商丰乐灵活配置混合C
002823,招商盛达混合A
002824,招商盛达混合C
002825,融通通和债券
002826,中银永利半年定开债
002827,融通稳利债券C
002831,国投瑞银瑞宁混合
002832,工银恒享纯债债券
002833,华夏新锦绣混合A
002835,华夏新锦泰混合A
002836,华夏新锦泰混合C
002837,华夏网购精选混合A
002838,华夏新锦程混合A
002839,华夏新锦程混合C
002840,九泰久鑫债券A
002841,九泰久鑫债券C
002842,景顺长城景盈金利债券A
002843,景顺长城景盈金利债券C
002844,金鹰多元策略混合
002845,上投摩根安鑫回报C
002846,泓德泓华混合
002848,农银纯债定开债
002849,金信智能中国2025混合
002850,南方甑智混合
002851,南方品质混合
002853,华富元鑫灵活配置混合A
002854,华富元鑫灵活配置混合C
002856,博时保丰保本A
002857,博时保丰保本C
002858,长信富平纯债一年定开债A
002859,长信富平纯债一年定开债C
002860,前海开源沪港深新机遇混合
002861,工银智能制造股票
002862,金信量化精选混合
002863,金信深圳成长混合发起式
002864,广发安泽短债债券A
002865,广发安泽短债债券C
002866,新华丰盈回报债券
002867,新华恒稳添利债券C
002868,鹏华丰茂债券
002869,融通通裕定开债
002871,华夏智胜价值成长A
002872,华夏智胜价值成长C
002873,华夏新锦福混合A
002875,华夏新锦安混合A
002881,中加丰润纯债债券A
002882,中加丰润纯债债券C
002885,大摩万众创新灵活配置混合
002887,民生加银鑫瑞债券A
002888,民生加银鑫瑞债券C
002896,东方臻馨债券A
002897,东方臻馨债券C
002898,富国两年期理财债券A
002899,富国两年期理财债券C
002900,南方中证500信息技术联接A
002901,财通资管积极收益债券A
002902,财通资管积极收益债券C
002903,广发中证500ETF联接C
002904,博时安仁一年定开发起式债券A
002905,博时安仁一年定开发起式债券C
002906,南方中证500量化增强A
002907,南方中证500量化增强C
002908,富国睿利定开混合发起式
002909,浙商惠享纯债
002910,易方达供给改革混合
002911,鹏华兴实定期开放混合
002913,鹏华兴益定期开放混合
002914,鹏华兴锐定期开放混合
002915,鑫元裕利债券
002916,中银尊享半年定开债
002919,东吴智慧医疗量化策略混合
002920,中欧短债债券A
002921,创金合信尊誉纯债
002922,融通增丰债券
002923,兴业聚惠灵活配置混合C
002925,广发集源债券A
002926,广发集源债券C
002927,长盛盛和纯债A
002928,长盛盛和纯债C
002929,博时聚盈纯债债券
002930,博时聚润纯债债券
002931,南方荣毅
002932,圆信永丰强化收益A
002933,圆信永丰强化收益C
002934,泰康恒泰回报混合A
002935,泰康恒泰回报混合C
002938,中银证券健康产业混合
002939,广发创新升级混合
002940,中欧强惠债券
002941,广发安瑞回报混合A
002942,广发安瑞回报混合C
002943,广发多因子混合
002944,信诚主题轮动灵活配置混合
002945,大成盛世精选灵活配置混合
002946,大成景盛一年定开债A
002947,大成景盛一年定开债C
002948,华安聚利18个月定开债A
002949,华安聚利18个月定开债C
002950,华安丰利18个月定开债A
002951,华安丰利18个月定开债C
002952,建信多因子量化股票
002955,融通新趋势灵活配置混合
002959,汇添富盈泰混合
002961,中欧双利债券A
002962,中欧双利债券C
002963,易方达黄金ETF联接C
002964,国投瑞银顺鑫定开
002965,中海合嘉增强收益债券A
002966,中海合嘉增强收益债券C
002967,浙商大数据智选消费混合
002969,易方达丰和债券
002970,博时裕昂纯债债券
002971,前海开源鼎安债券A
002972,前海开源鼎安债券C
002973,广发中证全指能源ETF联接C
002974,广发信息技术联接C
002975,广发中证全指原材料联接C
002976,广发中证全指主要消费联接C
002977,广发中证全指可选消费联接C
002978,广发医药卫生联接C
002979,广发中证全指金融地产联接C
002980,华夏创新前沿股票
002982,广发养老指数C
002983,长信国防军工量化混合A
002984,广发中证环保ETF联接C
002985,中银季季红定开债
002986,泰康丰盈债券
002987,广发沪深300ETF联接C
002988,平安鼎信债券
002989,融通通乾研究精选混合
002991,嘉实稳鑫纯债债券
002992,招商招元纯债A
002993,招商招元纯债C
002994,招商招裕纯债A
002995,招商招裕纯债C
002996,长信稳健纯债债券A
002997,工银瑞享纯债债券
002998,博时弘裕18个月定开债A
002999,博时弘裕18个月定开债C
003000,招商丰德灵活配置混合A
003001,招商丰德灵活配置混合C
003002,国金及第中短债债券
003005,华夏鼎益债券A
003009,中融盈泽中短债A
003010,中融盈泽中短债C
003011,中融盈润债券A
003012,中融盈润债券C
003013,中融恒泰纯债A
003014,中融恒泰纯债C
003015,中金沪深300A
003016,中金中证500A
003017,广发中证军工ETF联接A
003021,中欧强裕债券
003023,博时景发纯债债券
003024,平安惠金定开债A
003025,新华红利回报混合
003026,安信新价值混合A
003027,安信新价值混合C
003028,安信新优选混合A
003029,安信新优选混合C
003030,安信新目标混合A
003031,安信新目标混合C
003032,平安医疗健康混合
003035,广发安祥回报混合A
003036,广发安祥回报混合C
003037,广发集瑞债券A
003038,广发集瑞债券C
003039,广发集富纯债A
003040,广发集富纯债C
003041,鑫元得利债券
003044,东方红战略精选混合A
003045,东方红战略精选混合C
003046,招商信用定开债人民币
003047,招商信用定开债美元
003048,民生加银鑫盈债A
003049,民生加银鑫盈债C
003050,农银汇理金丰一年定开债
003051,农银汇理金利一年定开债
003053,嘉实文体娱乐股票A
003054,嘉实文体娱乐股票C
003056,嘉实稳泽纯债债券
003057,建信瑞盛添利混合A
003058,建信瑞盛添利混合C
003060,中融睿丰定开债A
003061,中融睿丰定开债C
003062,银华通利混合A
003063,银华通利混合C
003064,南方荣欢混合
003065,光大尊富18个月定开债A
003066,光大尊富18个月定开债C
003069,光大创业板量化优选A
003070,光大创业板量化优选C
003071,中融睿祥纯债A
003072,中融睿祥纯债C
003073,泰达宏利汇利债券A
003074,泰达宏利汇利债券C
003078,泰康安惠纯债债券A
003079,中融3-5年中高等级信用债A
003080,中融3-5年中高等级信用债C
003081,中融1-3年中高等级信用债A
003082,中融1-3年中高等级信用债C
003083,中融1-3年高等级信用债A
003084,中融1-3年高等级信用债C
003085,中融0-1年中高等级信用债A
003086,中融0-1年中高等级信用债C
003087,上投摩根岁岁丰定开债券A
003088,上投摩根岁岁丰定开债券C
003089,中融恒瑞纯债A
003090,中融恒瑞纯债C
003091,中欧强利债券
003094,大摩多元兴利18个月定开债
003095,中欧医疗健康混合A
003096,中欧医疗健康混合C
003097,德邦德焕9个月定开债A
003098,德邦德焕9个月定开债C
003099,长盛盛景纯债A
003100,长盛盛景纯债C
003101,诺德天禧债券
003102,长盛盛裕纯债A
003103,长盛盛裕纯债C
003105,光大永鑫混合A
003106,光大永鑫混合C
003107,光大安祺债券A
003108,光大安祺债券C
003109,光大安和债券A
003110,光大安和债券C
003115,光大诚鑫混合A
003116,光大诚鑫混合C
003117,光大吉鑫混合A
003118,光大吉鑫混合C
003119,博时鑫源混合A
003120,博时鑫源混合C
003121,中信保诚稳利债券A
003122,鹏华兴盛灵活配置混合A
003123,天治鑫利纯债债券A
003124,天治鑫利纯债债券C
003125,中科沃土沃鑫成长精选混合A
003126,长信易进混合A
003127,长信易进混合C
003128,景顺长城景盈汇利债券A
003129,景顺长城景盈汇利债券C
003130,中信保诚稳利债券C
003131,国寿安保强国智造混合
003132,德邦新回报灵活配置混合
003133,易方达裕鑫债券A
003134,易方达裕鑫债券C
003135,金元顺安沣楹债券
003140,鹏华弘腾混合A
003141,鹏华弘腾混合C
003142,鹏华弘达混合A
003143,鹏华弘达混合C
003144,华宝新机遇混合(LOF)C
003145,中融竞争优势
003146,融通通优债券
003147,大成动态量化混合
003148,中欧瑾悠灵活配置混合A
003149,中欧瑾悠灵活配置混合C
003152,华富天鑫灵活配置混合A
003153,华富天鑫灵活配置混合C
003154,华宝新活力混合
003155,中加丰尚纯债债券
003156,招商招悦纯债A
003157,招商招悦纯债C
003158,国投瑞银瑞达混合
003159,万家恒瑞18个月定开债A
003160,万家恒瑞18个月定开债C
003161,南方安泰混合
003162,博时富宁纯债债券
003163,金鹰添益3个月定开债
003165,鹏华弘嘉混合A类
003166,鹏华弘嘉混合C类
003167,前海开源鼎瑞债券A
003168,前海开源鼎瑞债券C
003169,长盛盛辉混合A
003170,长盛盛辉混合C
003172,鹏华丰安债券
003173,民生加银鑫安纯债C
003174,前海联合添惠纯债A
003175,华泰柏瑞多策略混合
003176,德邦景颐债券A
003177,德邦景颐债券C
003178,广发景盛纯债
003179,山西裕利定开债
003180,前海联合添利债券A
003181,前海联合添利债券C
003182,华富弘鑫混合A
003183,华富弘鑫混合C
003184,中证财通可持续发展100指数C
003187,嘉实安益混合
003188,博时聚源纯债债券A
003189,汇添富保鑫混合
003190,创金合信消费主题股票A
003191,创金合信消费主题股票C
003192,创金合信尊丰纯债
003193,创金合信尊智纯债
003194,汇添富中证上海国企ETF联接
003195,光大永利纯债A
003196,光大永利纯债C
003197,光大安诚债券A
003198,光大安诚债券C
003199,长盛盛琪一年债券A
003200,长盛盛琪一年债券C
003204,财通收益增强债券C
003205,财通可转债债券C
003207,博时富发纯债
003208,东兴量化多策略混合
003209,鹏华丰达债券
003210,博时智臻纯债债券
003211,广发集安债券A
003212,广发集安债券C
003213,中银悦享定期开放债券发起式
003214,易方达富惠纯债债券
003215,信诚至鑫灵活配置混合A
003216,信诚至鑫灵活配置混合C
003218,前海开源祥和债券A
003219,前海开源祥和债券C
003220,浙商惠利纯债债券
003221,新华丰利债券A
003222,新华丰利债券C
003223,广发景丰纯债
003226,信诚稳健债券A
003227,信诚稳健债券C
003230,创金合信医疗保健股票A
003231,创金合信医疗保健股票C
003232,创金合信金融地产A
003233,创金合信金融地产C
003234,信诚至利混合A
003235,信诚至利混合C
003236,信诚惠盈债券A
003237,信诚惠盈债券C
003238,新华外延增长主题灵活配置混合
003239,博时安祺6个月定开债A
003240,博时安祺6个月定开债C
003241,创金合信量化发现混合A
003242,创金合信量化发现混合C
003247,泰达宏利启智灵活配置混合A
003248,泰达宏利启智灵活配置混合C
003249,建信恒丰纯债债券
003250,融通通尚灵活配置混合A
003251,融通通尚灵活配置混合C
003254,前海开源鼎裕债券A
003255,前海开源鼎裕债券C
003256,信诚至益混合A
003257,信诚至益混合C
003258,博时富祥纯债债券A
003259,博时聚利纯债债券
003260,博时利发纯债
003261,安信沪深300增强发起式A
003262,安信沪深300增强发起式C
003265,招商招坤纯债A
003266,招商招坤纯债C
003268,博时悦楚纯债
003269,招商招乾3个月定开债A
003270,招商招乾3个月定开债C
003271,国联安鑫瑞混合A
003272,国联安鑫瑞混合C
003273,安信永丰定开债券A
003274,安信永丰定开债券C
003275,国联安添利增长债A
003276,国联安添利增长债C
003277,信诚稳瑞债券A
003278,信诚稳瑞债券C
003279,融通沪港深智慧生活灵活配置混合
003280,鹏华丰恒债券
003282,信诚至裕灵活配置混合A
003283,信诚至裕灵活配置混合C
003284,中邮医药健康混合
003285,国寿安保安康纯债债券
003286,平安惠享纯债A
003287,中信保诚稳益A
003288,中信保诚稳益C
003289,创金合信尊泰纯债债券
003290,长城久稳债券
003291,信达澳银健康中国混合
003292,嘉实优势成长混合
003293,易方达科瑞混合
003295,南方安裕混合A
003297,招商双债增强债券(LOF)E
003298,嘉实物流产业股票A
003299,嘉实物流产业股票C
003300,华夏圆和混合
003301,华夏鼎融债券A
003302,华夏鼎融债券C
003304,前海开源沪港深核心资源混合A
003305,前海开源沪港深核心资源混合C
003306,民生加银鑫益债券A
003307,民生加银鑫益债券C
003308,中信建投睿利A
003309,兴业启元一年定开债A
003310,兴业启元一年定开债C
003311,大摩睿成大盘弹性股票
003314,浙商惠南纯债债券
003315,景顺长城政策性金融债
003318,景顺中证500行业中性低波动
003319,建信瑞丰添利混合A
003320,建信瑞丰添利混合C
003324,东方永兴18个月定开债A
003325,东方永兴18个月定开债C
003326,招商睿诚定开混合
003327,万家鑫Z纯债A
003328,万家鑫Z纯债C
003329,万家鑫安纯债债券A
003330,万家鑫安纯债债券C
003332,南方荣发混合
003333,泰信智选成长混合
003334,中融融信双盈A
003335,中融融信双盈C
003336,长江收益增强债券
003337,南方颐元定开债券发起式A
003338,南方颐元定开债券发起式C
003342,工银国债纯债债券A
003343,鹏华弘惠灵活配置混合A
003344,鹏华弘惠灵活配置混合C
003345,安信新成长混合A
003346,安信新成长混合C
003349,长信稳益纯债
003350,广发鑫盛18个月定开混合
003351,招商稳荣定开混合A
003352,招商稳荣定开混合C
003353,信诚至优灵活配置混合A
003354,信诚至优灵活配置混合C
003355,招商稳祥定开灵活混合A
003356,招商稳祥定开灵活混合C
003357,嘉实稳祥纯债债券C
003358,易方达中债7-10年国开债A
003359,大成360互联网+大数据100C
003360,前海开源瑞和债券A
003361,前海开源瑞和债券C
003366,浙商汇金中证转型成长指数
003367,鹏华兴合定期开放混合A
003368,鹏华兴合定期开放混合C
003369,招商招庆纯债A
003370,招商招庆纯债C
003373,大成景禄灵活配置混合A
003374,大成景禄灵活配置混合C
003376,广发中债7-10年国开债指数A
003377,广发中债7-10年国开债指数C
003378,泰康策略优选混合
003379,信诚至选混合A
003380,信诚至选混合C
003381,博时裕信纯债债券
003382,民生加银鑫享债券A
003383,民生加银鑫享债券C
003384,金鹰添盈纯债债券
003394,建信恒安一年定开债
003395,安信尊享纯债
003396,东方红优享红利混合
003397,银华体育文化灵活配置混合
003400,建信恒瑞一年定开债
003401,工银可转债债券
003403,华商瑞丰短债A
003406,南方多元定开债券
003407,景顺长城景泰丰利纯债A
003408,景顺长城景泰丰利纯债C
003409,景顺长城景颐盛利债券A
003410,景顺景颐盛利C
003411,鹏华弘康灵活配置混合A
003412,鹏华弘康灵活配置混合C
003413,华泰柏瑞新经济沪港深混合
003416,招商财经大数据股票A
003417,中加丰泽纯债债券
003418,华润元大润鑫债券A
003419,中欧弘安一年定期开放债券
003420,德邦群利债券A
003421,德邦群利债券C
003424,江信洪福纯债
003425,江信添福A
003426,江信添福C
003427,建信恒远一年定开债
003428,中加丰盈纯债债券
003430,兴业中短债C
003431,兴业中短债A
003432,信诚至瑞灵活配置A
003433,信诚至瑞灵活配置C
003434,博时鑫泽灵活配置混合A
003435,博时鑫泽灵活配置混合C
003436,博时鑫丰混合A
003437,博时鑫丰混合C
003438,招商招怡纯债A
003439,招商招怡纯债C
003440,招商招享纯债A
003442,招商招惠3个月定期开放债券A
003445,中加丰享纯债债券
003446,英大睿鑫A
003447,英大睿鑫C
003448,招商招华纯债A
003449,招商招华纯债C
003450,招商招信定开债A
003452,招商招盛纯债A
003453,招商招盛纯债C
003454,招商招通纯债A
003455,招商招通纯债C
003456,信达澳银新目标混合
003457,国泰润泰纯债债券
003458,嘉实稳宏债券A
003459,嘉实稳宏债券C
003461,嘉实稳元纯债债券
003462,新华鑫盛灵活配置混合
003466,长城久盛安稳纯债两年定开债
003469,德邦德景一年定开债A
003470,德邦德景一年定开债C
003475,前海联合沪深300指数A
003476,南方安颐混合
003484,金鹰鑫益混合A
003485,金鹰鑫益混合C
003486,平安惠隆纯债A
003487,平安惠融纯债
003488,平安惠裕A
003490,长盛盛平灵活配置混合A
003491,长盛盛平灵活配置混合C
003492,前海开源外向企业股票
003493,申万菱信安鑫优选混合A
003494,富国天惠成长混合C
003495,鹏华弘尚灵活配置混合A
003496,鹏华弘尚灵活配置混合C
003497,银华添泽定开债
003498,前海联合添和纯债A
003499,前海联合添和纯债C
003500,鑫元聚利债券
003501,泰达睿智稳健灵活配置混合
003502,金鹰鑫瑞混合A
003503,金鹰鑫瑞混合C
003504,景顺长城景颐丰利债券A
003505,景顺长城景颐丰利债券C
003510,长盛可转债债券A
003511,长盛可转债债券C
003512,申万菱信安鑫优选混合C
003513,中邮消费升级
003514,国寿安保安享纯债
003516,国泰融安多策略灵活配置混合
003517,国泰润利纯债债券
003518,万家鑫瑞纯债A
003519,万家鑫瑞纯债E
003520,万家1-3年政金债纯债A
003521,万家1-3年政金债纯债C
003522,万家鑫通纯债A
003523,万家鑫通纯债C
003524,易方达深证成指ETF联接A
003526,农银汇理金穗纯债3个月定开债
003527,鹏华丰腾债券
003528,汇添富长添利定开债A
003529,汇添富长添利定开债C
003530,东方永熙18个月定开债A
003531,东方永熙18个月定开债C
003532,汇添富鑫利定开债券A
003533,汇添富鑫利定开债券C
003541,国联安睿智定开混合
003542,财通纯债债券C
003545,东兴兴利债券A
003546,长城久信债券
003547,鹏华丰禄债券
003548,泰达宏利沪深300指数增强C
003549,浙商惠裕纯债
003550,泰达改革动力混合C
003551,工银恒丰纯债债券
003554,泰达宏利大数据混合C
003555,华泰柏瑞睿利混合A
003556,华泰柏瑞睿利混合C
003557,博时泰安债券A
003558,博时泰安债券C
003559,平安大华量化成长混合A
003560,平安大华量化成长混合C
003561,诺德成长精选A
003562,诺德成长精选C
003564,博时安诚3个月定开债A
003565,博时安诚3个月定开债C
003566,博时臻选纯债债券
003567,华夏行业景气混合
003568,平安惠利纯债
003569,招商招丰纯债A
003571,招商招琪纯债A
003573,中信建投稳裕定开债A
003574,大成惠利纯债
003575,大成惠益纯债
003576,招商招弘纯债A
003578,中金中证500C
003579,中金沪深300C
003580,泰康沪港深价值优选混合
003581,前海联合国民健康混合A
003582,中金量化多策略混合
003583,建信稳定鑫利债券A
003584,建信稳定鑫利债券C
003586,先锋精一混合A
003587,先锋精一混合C
003590,建信睿富纯债债券
003591,华泰柏瑞享利混合A
003592,华泰柏瑞享利混合C
003593,国泰景气行业灵活配置混合
003594,长盛盛崇灵活配置混合A
003595,长盛盛崇灵活配置混合C
003596,长盛盛腾混合A
003597,长盛盛腾混合C
003598,华商润丰灵活配置混合A
003601,申万菱信安鑫精选混合A
003602,申万菱信安鑫精选混合C
003603,景顺长城泰安回报混合A
003604,景顺长城泰安回报混合C
003605,景顺长城景泰汇利定开债A
003607,博时富益纯债债券
003610,南方荣安A
003611,南方荣安C
003612,南方卓元债券A
003613,南方卓元债券C
003614,信诚景瑞债券A
003615,信诚景瑞债券C
003616,招商招熹纯债A
003617,招商招熹纯债C
003618,招商招旺纯债A
003619,招商招旺纯债C
003620,招商睿乾混合
003621,新华鑫丰混合
003624,创金合信资源股票发起式A
003625,创金合信资源股票发起式C
003626,平安鑫利混合A
003627,兴银长富一年定开债
003628,兴银收益增强债券
003632,招商稳乾定开混合A
003633,招商稳乾定开混合C
003634,嘉实农业产业股票
003637,安信永鑫增强债券A
003638,安信永鑫增强债券C
003639,工银瑞盈半年定开债券
003640,兴业裕丰债券
003641,长盛盛丰灵活配置混合A
003642,长盛盛丰灵活配置混合C
003643,工银国债纯债债券C
003645,融通通弘债券
003646,创金合信中证1000指数增强A
003647,创金合信中证1000指数增强C
003648,融通通祺债券
003650,融通通润债券
003651,博时丰达纯债6个月定开债
003652,招商招泰6个月定开债A
003653,招商招泰6个月定开债C
003654,博时锦禄纯债债券
003655,信达澳银新财富混合
003656,民生加银鑫元纯债A
003657,民生加银鑫元纯债C
003658,长盛量化多策略灵活配置混合
003659,山西策略灵活配置混合
003660,中加纯债两年债券A
003661,中加纯债两年债券C
003662,鹏华永盛一年定开债
003664,新沃通利纯债A
003665,新沃通利纯债C
003666,天弘金明灵活配置混合
003667,天弘安盈混合
003668,东方红益鑫纯债A
003669,东方红益鑫纯债C
003670,中融物联网主题灵活配置混合
003671,兴业裕恒债券
003672,兴业裕华债券
003673,中加丰裕纯债债券
003674,融通通玺债券
003675,博时安慧18个月定开债A
003676,博时安慧18个月定开债C
003677,融通通穗债券
003680,华润元大双鑫债券A
003681,建信睿享纯债债券
003682,博时安弘一年定开债发起式A
003683,博时安弘一年定开债发起式C
003684,汇安丰融混合A
003685,汇安丰融混合C
003686,国泰丰益灵活配置混合A
003687,国泰丰益灵活配置混合C
003689,国泰鸿益灵活配置混合A
003690,国泰鸿益灵活配置混合C
003691,农银金泰一年定开债
003692,大成景尚灵活配置混合A
003693,大成景尚灵活配置混合C
003694,国泰景益灵活配置混合A
003695,国泰景益灵活配置混合C
003696,国泰润鑫定开债发起式
003697,华夏睿磐泰盛混合
003698,华夏新锦祥混合A
003701,民生加银鑫智纯债债券C
003703,博时富鑫纯债
003704,光大事件驱动混合
003705,工银恒泰纯债债券
003707,民生加银鑫兴纯债债券C
003708,博时民丰纯债A
003709,博时民丰纯债C
003710,国投瑞银和顺债券
003713,英大睿盛A
003714,英大睿盛C
003715,宝盈消费主题混合
003716,平安大华惠益纯债
003717,中银量化精选混合A
003723,华润元大双鑫债券C
003726,融通通颐定开债券A
003727,融通通颐定开债券C
003728,融通通宸债券
003730,博时富华纯债债券
003733,金鹰添裕纯债债券
003734,万家瑞盈灵活配置混合A
003735,万家瑞盈灵活配置混合C
003736,新华华荣灵活配置混合
003737,新华鑫裕灵活配置混合
003738,新华华瑞灵活配置混合
003739,新华鑫弘灵活配置混合
003740,新华华盛灵活配置混合
003741,鹏华丰盈债券
003742,汇安嘉汇纯债债券A
003745,广发多元新兴股票
003746,广发汇瑞3个月定开债券
003747,万家鑫享纯债A
003748,万家鑫享纯债C
003749,创金合信鑫收益混合A
003750,创金合信鑫收益混合C
003751,万家瑞隆混合
003754,国泰普益混合A
003755,国泰普益混合C
003756,国泰嘉益灵活配置混合A
003757,国泰嘉益灵活配置混合C
003758,国泰稳益定开灵活配置混合A
003759,国泰稳益定开灵活配置混合C
003760,国泰中证500指数增强A
003761,国泰中证500指数增强C
003762,国开开泰灵活配置混合A
003763,国开开泰灵活配置混合C
003765,广发创业板ETF联接A
003766,广发创业板ETF联接C
003767,泰达宏利纯利债券A
003768,泰达宏利纯利债券C
003769,中银品质生活混合
003770,中银丰庆定期开放债券
003772,国联安鑫盛混合A
003773,国联安鑫盛混合C
003774,国联安鑫利混合A
003775,国联安鑫利混合C
003776,南方宣利定开债A
003777,南方宣利定开债C
003778,上投安瑞回报A
003779,上投安瑞回报C
003780,鹏华兴悦定期开放混合
003781,鹏华兴裕定期开放混合
003782,招商稳阳定开混合A
003783,招商稳阳定开混合C
003784,招商稳泰定开混合
003787,方正富邦惠利纯债A
003788,方正富邦惠利纯债C
003789,工银丰益一年定开债券
003793,泰达宏利溢利债券A
003794,泰达宏利溢利债券C
003795,方正富邦睿利纯债A
003796,方正富邦睿利纯债C
003797,华安新瑞利混合A
003798,华安新瑞利混合C
003799,华安新泰利灵活配置混合A
003800,华安新泰利灵活配置混合C
003801,华安新安平混合A
003802,华安新安平混合C
003803,华安新丰利灵活配置混合A
003804,华安新丰利灵活配置混合C
003805,华安新恒利混合A
003806,华安新恒利混合C
003807,南方荣优鑫年享定开混合A
003808,南方荣优鑫年享定开混合C
003809,招商招顺纯债A
003811,中金金利A
003812,中金金利C
003814,银华上证10年期国债A
003815,银华上证10年期国债C
003816,银华日利B
003817,银华上证5年期国债指数A
003818,银华上证5年期国债指数C
003819,广发景华纯债
003820,华夏新锦鸿混合A
003821,华夏新锦鸿混合C
003822,中信建投轮换混合A
003823,中信建投轮换混合C
003824,天弘信利债券A
003825,天弘信利债券C
003826,华夏鼎汇债券A
003827,华夏鼎汇债券C
003830,建信鑫悦回报灵活配置混合
003831,建信鑫瑞回报灵活配置混合
003832,中银丰润定期开放债券
003834,华夏能源革新股票
003835,鹏华沪深港新兴成长混合
003836,新沃鑫禧债券
003837,东方臻享纯债债券A
003838,东方臻享纯债债券C
003839,易方达瑞通灵活配置混合A
003840,易方达瑞通灵活配置混合C
003841,大成惠裕定开纯债债券
003842,中邮景泰灵活配置混合A
003843,中邮景泰灵活配置混合C
003844,建信睿源纯债债券
003845,汇安丰恒灵活配置混合A
003846,汇安丰恒灵活配置混合C
003847,华安鼎丰债券
003848,中银广利灵活配置混合A
003849,中银广利灵活配置混合C
003850,中银锦利灵活配置混合A
003851,中银锦利灵活配置混合C
003852,金鹰添享纯债债券
003853,金鹰信息产业股票A
003854,汇安丰华混合A
003855,汇安丰华混合C
003856,国都聚鑫定期开放混合
003857,前海开源周期优选混合A
003858,前海开源周期优选混合C
003859,招商招旭纯债A
003860,招商招旭纯债C
003861,招商兴福混合A
003862,招商兴福混合C
003863,招商招祥纯债A
003865,创金合信量化多因子股票C
003866,博时富诚纯债债券
003867,招商招景纯债A
003869,长信稳势纯债
003876,华宝沪深300指数增强A
003877,富国久利稳健配置混合A
003878,富国久利稳健配置混合C
003879,嘉实6个月理财债券A
003880,嘉实稳骏
003882,易方达瑞弘混合A
003883,易方达瑞弘混合C
003884,汇安沪深300指数增强A
003885,汇安沪深300指数增强C
003886,汇安丰利混合A
003887,汇安丰利混合C
003888,汇安嘉源纯债债券
003889,汇安丰泽混合A
003890,汇安丰泽混合C
003891,汇安嘉裕纯债债券
003892,鹏华普泰债券
003895,安信新视野灵活配置混合A
003896,安信新视野灵活配置混合C
003897,金元顺安桉泰债券
003898,永赢丰益债券
003899,国泰民惠收益定开债
003900,交银瑞鑫定开混合
003901,交银瑞景定开混合
003902,德邦锐Z债券A
003903,德邦锐Z债券C
003906,华夏新锦图混合A
003908,万家家泰债券A
003909,万家家泰债券C
003910,万家家盛债券A
003911,万家家盛债券C
003912,泰达宏利启富混合A
003913,泰达宏利启富混合C
003914,泰达宏利启迪灵活配置混合A
003915,泰达宏利启迪灵活配置混合C
003916,泰达宏利启泽灵活配置混合A
003917,泰达宏利启泽灵活配置混合C
003918,泰达宏利启明灵活配置混合A
003919,泰达宏利启明灵活配置混合C
003922,长盛盛康纯债债券A
003923,长盛盛康纯债债券C
003924,长盛盛泰灵活配置混合A
003925,长盛盛泰灵活配置混合C
003926,中融恒信纯债A
003927,中融恒信纯债C
003928,前海联合永兴纯债A
003929,中银证券安进债券A
003930,中银证券安进债券C
003932,银华中证5年期地方政府债指数A
003933,银华中证5年期地方政府债指数C
003934,银华10年地方政府债A
003935,银华10年地方政府债C
003936,南方和利A
003937,南方和利C
003938,南方荣尊混合A
003939,南方荣尊混合C
003940,银华盛世精选灵活配置混合发起式
003941,国泰鑫益灵活配置混合A
003942,国泰鑫益灵活配置混合C
003943,国泰泽益灵活配置混合A
003944,国泰泽益灵活配置混合C
003945,国泰众益灵活配置混合A
003946,国泰众益灵活配置混合C
003947,博时聚享纯债债券
003949,兴全稳泰债券A
003950,博时鑫润混合A
003951,博时鑫润混合C
003952,兴业嘉瑞6个月定开债A
003953,兴业嘉瑞6个月定开债C
003956,南方教育股票
003957,安信量化精选沪深300增强A
003958,安信量化精选沪深300增强C
003959,平安大华量化混合A
003960,平安大华量化混合C
003961,易方达瑞程灵活配置混合A
003962,易方达瑞程灵活配置混合C
003963,博时慧选纯债定开债
003964,华夏新锦略混合A
003966,中银润利混合A
003967,中银润利混合C
003970,华泰柏瑞兴利混合A
003971,华泰柏瑞兴利混合C
003974,中信建投睿泰灵活配置混合A
003975,中信建投睿泰灵活配置混合C
003976,中信建投稳惠债券A
003977,中信建投稳惠债券C
003978,中信建投稳祥A
003979,中信建投稳祥C
003980,中银证券瑞益灵活配置混合A
003981,中银证券瑞益灵活配置混合C
003982,国投瑞银顺益纯债债券
003983,鹏华丰惠债券
003984,嘉实新能源新材料股票A
003985,嘉实新能源新材料股票C
003986,申万菱信中证500指数优选增强A
003991,富国富利稳健配置混合A
003992,富国富利稳健配置混合C
003993,前海开源沪港深核心驱动混合
003999,富荣富祥纯债
004001,泰达宏利恒利债券A
004002,泰达宏利恒利债券C
004003,泰达宏利启惠灵活配置混合A
004004,泰达宏利启惠灵活配置混合C
004005,东方民丰回报赢安混合A
004006,东方民丰回报赢安混合C
004007,申万菱信安泰添利纯债一年定开债
004008,中融鑫思路混合A
004009,中融鑫思路混合C
004010,华泰柏瑞鼎利灵活配置混合A
004011,华泰柏瑞鼎利灵活配置混合C
004012,华泰柏瑞裕利混合A
004013,华泰柏瑞裕利混合C
004014,华泰柏瑞锦利混合A
004015,华泰柏瑞锦利混合C
004018,招商兴华灵活配置混合A
004019,招商兴华灵活配置混合C
004020,广发景祥纯债
004021,广发汇富一年定期债券A
004022,广发汇富一年定期债券C
004023,广发量化稳健混合
004024,华泰保兴尊诚一年定开债
004025,融通收益增强债券A
004026,融通收益增强债券C
004027,广发景源纯债A
004028,广发景源纯债C
004029,嘉实稳康纯债债券
004030,嘉实丰安6个月定期债券
004032,工银丰淳半年定开债券
004033,金鹰添荣纯债债券
004034,博时弘康18个月定开债A
004035,博时弘康18个月定开债C
004036,鹏华弘樽灵活配置混合A
004037,鹏华弘樽灵活配置混合C
004038,中银富享定开债
004040,金鹰医疗健康产业A
004041,金鹰医疗健康产业C
004042,华夏鼎茂债券A
004043,华夏鼎茂债券C
004044,金鹰转型动力混合
004045,金鹰添润定开债
004046,华夏新锦顺混合A
004047,华夏新锦顺混合C
004048,华夏新锦汇混合A
004049,华夏新锦汇混合C
004050,华夏新锦升混合A
004052,华夏鼎智债券A
004053,华夏鼎智债券C
004054,华夏鼎实债券A
004055,华夏鼎实债券C
004059,鑫元招利债券
004061,华夏鼎隆债券A
004062,华夏鼎隆债券C
004063,华夏恒融一年定开债
004064,交银瑞利定期开放灵活配置混合
004066,嘉实稳熙纯债债券
004067,中融鑫回报混合A
004068,中融鑫回报混合C
004069,南方中证全指证券公司ETF联接A
004070,南方中证全指证券公司ETF联接C
004074,交银瑞安定期开放灵活配置混合
004075,交银医药创新股票
004076,国联安锐意成长混合
004079,万家鑫丰纯债A
004080,万家鑫丰纯债C
004081,国联安鑫乾混合A
004082,国联安鑫乾混合C
004083,国联安鑫隆混合A
004084,国联安鑫隆混合C
004085,工银国债(7-10年)指数A
004086,工银国债(7-10年)指数C
004087,银华添润定期开放债券
004088,申万安泰增利纯债一年定开
004089,汇添富鑫瑞债券A
004090,汇添富鑫瑞债券C
004091,博时沪港深价值优选A
004092,博时沪港深价值优选C
004093,金元顺安桉盛债券A
004094,招商丰诚灵活混合A
004096,鹏华兴康灵活配置混合A
004098,前海开源港股通股息率50强
004099,前海开源沪港深景气行业精选混合
004100,鹏华安益增强混合
004101,国泰民安增益纯债A
004102,信诚稳悦债券A
004103,信诚稳悦债券C
004104,信诚稳鑫A
004105,信诚稳鑫C
004106,中信保诚稳丰A
004107,中信保诚稳丰C
004108,信诚稳泰A
004109,信诚稳泰C
004110,信诚至盛A
004111,信诚至盛C
004112,创金合信国企活力混合
004113,华泰柏瑞泰利混合A
004114,华泰柏瑞泰利混合C
004115,嘉实新添程混合
004116,嘉实新添瑞混合
004117,大成惠祥纯债债券
004118,博时裕鹏纯债债券
004119,广发创新驱动灵活配置混合
004122,兴银长益三个月定开债
004123,兴银长盈三个月定开债
004124,民生加银鑫升纯债
004126,浦银安盛稳健增利债券A
004127,鹏华丰康债券
004128,前海联合泳隆混合A
004129,国联安鑫汇混合A
004130,国联安鑫汇混合C
004131,国联安鑫发混合A
004132,国联安鑫发混合C
004135,申万菱信量化成长混合
004136,博时民泽纯债债券
004138,上银鑫达混合
004139,中邮军民融合灵活配置混合
004140,兴业福鑫债券
004141,兴业瑞丰6个月定开债
004142,招商盛合灵活混合A
004143,招商盛合灵活混合C
004144,上投安丰回报A
004145,上投安丰回报C
004146,上投安泽回报混合A
004147,上投安泽回报混合C
004148,圆信永丰多策略
004149,博时鑫惠混合A
004150,博时鑫惠混合C
004153,信诚新悦回报灵活配置混合A
004154,信诚新悦回报灵活配置混合B
004155,中信保诚至泰中短债债券A
004156,中信保诚至泰中短债债券C
004157,信诚至诚灵活配置混合A
004158,信诚至诚灵活配置混合B
004159,中欧天启债券A
004160,中欧天启债券C
004165,北信瑞丰增强回报
004166,东方价值挖掘灵活配置混合A
004168,博时富嘉纯债债券
004171,信诚永益一年定开混合A
004172,信诚永益一年定开混合C
004175,博时鑫泰混合A
004176,博时鑫泰混合C
004177,平安惠裕C
004180,南方宏元定开债券A
004181,南方宏元定开债券C
004182,建信瑞福添利混合A
004183,富国产业升级混合
004184,民生加银鑫弘债券
004189,华商消费行业股票
004190,招商沪深300指数增强A
004191,招商沪深300指数增强C
004192,招商中证500指数A
004193,招商中证500指数C
004194,招商中证1000指数增强A
004195,招商中证1000指数增强C
004200,博时富瑞纯债债券A
004202,华夏睿磐泰兴混合
004203,上投摩根岁岁金定开债A
004204,上投摩根岁岁金定开债C
004205,东方支柱产业灵活配置混合
004206,华商元亨灵活配置混合
004207,交银启通灵活配置混合A
004208,交银启通灵活配置混合C
004209,大成智惠量化多策略混合
004211,金鹰周期优选混合
004212,中融量化智选混合A
004218,前海开源裕和混合A
004219,中海添顺定期开放混合
004220,长信纯债壹号债券C
004221,长信量化先锋混合C
004222,金信民旺债券A
004223,金信多策略精选灵活配置
004224,南方军工改革灵活配置混合A
004225,国寿安保稳诚混合A
004226,国寿安保稳诚混合C
004227,泰信鑫利混合A
004228,泰信鑫利混合C
004229,鹏华新能源产业混合
004230,永赢添益债券
004231,中欧行业成长混合(LOF)C
004232,中欧价值发现混合C
004233,中欧盛世成长混合(LOF)C
004234,中欧数据挖掘混合C
004235,中欧价值智选混合C
004236,中欧新动力混合(LOF)C
004237,中欧新蓝筹混合C
004238,永赢瑞益债券
004241,中欧时代先锋股票C
004242,兴业稳康三年定开债券
004244,东方周期优选灵活配置混合
004245,国都聚益定开混合
004246,德邦锐乾债券A
004247,德邦锐乾债券C
004248,华宝新动力混合
004249,安信中国制造2025混合
004250,银河量化优选混合
004252,国泰安益灵活配置混合C
004253,国泰黄金ETF联接C
004254,民生加银汇鑫一年定开债A
004255,民生加银汇鑫一年定开债C
004258,国寿安保稳嘉混合A
004259,国寿安保稳嘉混合C
004260,德邦稳盈增长灵活配置混合
004263,华安沪港深机会灵活配置混合
004264,海富通瑞合纯债
004265,金鹰民丰回报定期开放混合
004266,招商沪港深科技创新混合
004267,金鹰持久增利债券(LOF)E
004268,中信建投睿康A
004269,中信建投睿康C
004270,汇添富民丰回报混合A
004271,汇添富民丰回报混合C
004279,国寿安保稳荣混合A
004280,国寿安保稳荣混合C
004281,华宝新回报一年定开混合
004287,国投瑞银安颐多策略混合
004289,博时新财富混合C
004292,鹏华沪深港互联网股票
004295,中欧天尚定开债券A
004296,中欧天尚定开债券C
004297,长盛盛淳灵活配置混合A
004298,长盛盛淳灵活配置混合C
004299,长盛盛泽混合A
004300,长盛盛泽混合C
004301,国寿安保稳信混合A
004302,国寿安保稳信混合C
004303,长盛盛德灵活配置混合A
004304,长盛盛德灵活配置混合C
004305,长盛盛禧灵活配置混合A
004306,长盛盛禧灵活配置混合C
004307,博时富元纯债债券
004308,长盛盛享灵活配置混合A
004309,长盛盛享灵活配置混合C
004310,长盛盛瑞灵活配置混合A
004311,长盛盛瑞灵活配置混合C
004312,长盛盛兴混合A
004313,长盛盛兴混合C
004314,前海开源沪港深新硬件A
004315,前海开源沪港深新硬件C
004316,前海开源沪港深裕鑫A
004317,前海开源沪港深裕鑫C
004318,国寿安保尊裕优化回报债券A
004319,国寿安保尊裕优化回报债券C
004320,前海开源沪港深乐享生活
004321,前海开源沪港深强国产业混合
004322,创金合信尊隆纯债
004323,博时富海纯债
004326,国联安鑫怡混合A
004327,国联安鑫怡混合C
004328,信诚永鑫定开混合A
004329,信诚永鑫定开混合C
004332,恒生沪港深新兴产业精选混合
004333,金鹰元盛债券型发起式E
004334,博时广利纯债3个月定开
004335,华宝新飞跃灵活配置混合
004336,长盛盛乾灵活配置混合A
004337,长盛盛乾灵活配置混合C
004338,长盛盛弘混合A
004339,长盛盛弘混合C
004340,泰康兴泰回报沪港深混合
004341,农银尖端科技混合
004342,南方沪深300联接基金C
004343,南方创业板ETF联接C
004344,南方大数据100C
004345,南方深证成份ETF联接C
004346,南方小康ETF联接C
004347,南方中证500信息技术联接C
004348,南方中证500ETF联接C
004350,汇丰晋信价值先锋股票
004351,汇丰晋信珠三角区域发展混合
004352,北信瑞丰研究精选
004353,嘉实新添华定期混合
004355,嘉实丰和灵活配置混合
004356,嘉实6个月理财债券E
004357,南方智慧混合
004358,华泰柏瑞嘉利混合
004359,创金合信量化核心混合A
004360,创金合信量化核心混合C
004361,上投摩根安通回报混合A
004362,上投摩根安通回报混合C
004363,东方臻悦纯债债券A
004364,东方臻悦纯债债券C
004365,嘉实致博纯债债券
004366,博时汇享纯债债券A
004367,博时汇享纯债债券C
004374,华泰保兴吉年丰混合发起A
004375,华泰保兴吉年丰混合发起C
004378,信诚永丰定开混合A
004379,信诚永丰定开混合C
004380,信诚永利一年定开混合A
004381,信诚永利一年定开混合C
004383,平安大华添益债券A
004384,平安大华添益债券C
004385,中金新安灵活配置混合
004388,鹏华丰享债券
004389,大成惠明纯债债券
004390,平安转型创新混合A
004391,平安转型创新混合C
004393,安信合作创新灵活配置混合
004394,华泰柏瑞量化创优混合
004395,国富恒通纯债债券
004396,中银文体娱乐混合
004397,长盛信息安全量化策略混合
004400,金信民兴债券A
004401,金信民兴债券C
004402,金信民旺债券C
004403,平安股息精选沪港深A
004404,平安股息精选沪港深C
004405,国寿安保稳寿混合A
004406,国寿安保稳寿混合C
004407,招商上证消费80ETF联接C
004408,招商深证100指数C
004409,招商深证TMT50ETF联接C
004410,招商央视财经50指数C
004411,申万菱信臻选6个月定期开放混合
004413,建信民丰回报混合
004416,博时银智大数据100C
004423,华商研究精选灵活配置
004424,汇添富文体娱乐混合
004425,德邦锐祺债券A
004426,德邦锐祺债券C
004427,交银增利增强债券A
004428,交银增利增强债券C
004432,南方有色金属ETF联接A
004433,南方有色金属ETF联接C
004434,博时逆向投资混合A
004435,博时逆向投资混合C
004436,添富年年泰定开混合A
004437,添富年年泰定开混合C
004438,鹏华永安定期开放债券
004439,新华安享惠钰定开债A
004440,新华安享惠钰定开债C
004441,富荣富兴纯债
004442,中欧康裕混合A
004445,鹏华丰嘉债券
004446,南方荣年A
004447,南方荣年C
004448,博时汇智回报灵活配置混合
004450,嘉实前沿科技沪港深股票
004451,汇添富年年丰定开混合A
004452,汇添富年年丰定开混合C
004453,前海开源盈鑫A
004454,前海开源盈鑫C
004455,中欧康裕混合C
004456,兴银消费新趋势灵活配置
004458,博时华盈纯债债券
004459,鑫元瑞利定期开放债券
004463,鹏华丰玉债券
004464,万家玖盛9个月定开债A
004465,万家玖盛9个月定开债C
004466,长盛盛杰混合C
004467,民生加银鑫利纯债
004468,建信瑞福添利混合C
004469,汇添富鑫益定开债发起式A
004470,汇添富鑫益定开债发起式C
004475,华泰柏瑞富利混合
004476,景顺长城沪港深领先科技
004477,嘉实沪港深回报混合
004479,博时富和纯债债券
004480,华宝智慧产业混合
004481,华宝第三产业混合
004484,泰达宏利业绩股票A
004485,泰达宏利业绩股票C
004486,嘉实稳怡债券
004487,嘉实稳愉债券
004490,海富通欣悦混合C
004491,海富通欣悦混合A
004492,信诚至信
004495,博时量化平衡混合
004496,前海开源多元策略混合A
004497,前海开源多元策略混合C
004498,鹏华丰源债券
004499,鹏华丰瑞债券
004503,鹏华永泰定期开放债券
004504,鹏华永泽18个月定开债
004505,博时新兴消费主题混合
004508,融通新动力灵活配置混合
004510,九泰久盛量化先锋混合C
004512,海富通沪深300指数增强C
004513,海富通沪深300指数增强A
004514,鹏华新科技传媒混合
004517,南方安康混合
004518,信诚新丰A
004519,信诚新丰B
004521,安信工业4.0灵活配置混合A
004522,安信工业4.0灵活配置混合C
004525,中欧达乐一年定开混合
004528,长盛盛通纯债A
004529,长盛盛通纯债C
004534,添富年年益定开混合A
004535,添富年年益定开混合C
004536,嘉实中小企业量化活力混合
004538,民生加银鑫成纯债债券C
004539,信诚惠选A
004540,信诚惠选C
004542,民生加银鑫泰纯债债券C
004544,嘉实稳华纯债债券
004546,建信量化优享定开混合
004547,华夏稳定双利债券A
004548,中银中高等级C
004549,富安达消费主题混合
004550,中科沃土沃祥债券
004551,中银证券瑞享混合A
004552,中银证券瑞享混合C
004555,南方和元A
004556,南方和元C
004557,北信瑞丰鼎丰灵活配置混合
004558,汇安丰裕灵活配置混合A
004559,汇安丰裕灵活配置混合C
004560,汇安丰益混合A
004561,汇安丰益混合C
004563,民生加银鑫顺债券C
004564,北信瑞丰鼎利债券A
004565,新华华丰灵活配置混合
004569,招商制造业混合C
004571,万家家瑞债券A
004572,万家家瑞债券C
004573,新华鑫泰灵活配置混合
004576,新华恒益量化灵活配置混合
004580,民生加银鑫华债券C
004585,鹏扬汇利债券A
004586,鹏扬汇利债券C
004587,中金丰沃A
004588,中金丰沃C
004591,鹏华丰玺债券
004592,安信量化多因子混合A
004595,天弘天盈灵活配置混合
004596,中科沃土沃安中短利率A
004597,南方银行ETF联接A
004598,南方银行ETF联接C
004601,博时富腾纯债债券
004602,前海开源润和债券A
004603,前海开源润和债券C
004604,富国新活力灵活配置混合A
004605,富国新活力灵活配置混合C
004606,上投摩根优选多因子股票
004608,长信乐信灵活配置混合A
004609,长信乐信灵活配置混合C
004611,民生加银鑫信债券C
004612,银河鑫月享定开混合A
004613,银河鑫月享定开混合C
004614,鹏扬利泽债券A
004615,鹏扬利泽债券C
004616,中欧电子信息产业沪港深股票A
004617,建信鑫稳回报灵活配置混合A
004618,建信鑫稳回报灵活配置混合C
004619,国泰民润纯债债券
004620,国泰恒益灵活配置混合A
004621,国泰恒益灵活配置混合C
004622,国泰瑞益灵活配置混合A
004623,国泰瑞益灵活配置混合C
004624,博时盈海纯债债券
004627,上投摩根岁岁益定开A
004628,上投摩根岁岁益定开C
004629,国寿安保安瑞纯债债券
004630,平安合信定开债
004632,平安合意定开债发起式
004634,前海联合泳涛混合A
004635,中信建投睿利C
004636,中信建投智信物联网C
004637,华夏鼎兴债券A
004640,华夏节能环保股票
004641,万家量化睿选混合
004642,南方房地产ETF联接A
004643,南方房地产ETF联接C
004645,民生加银鑫丰债券C
004646,华宝新优享混合
004647,新华鼎利债券A
004648,南方安睿混合
004651,长信利丰债券E
004652,建信鑫利回报灵活配置混合A
004653,建信鑫利回报灵活配置混合C
004654,嘉实稳悦纯债债券
004655,汇添富鑫汇定开债券A
004656,汇添富鑫汇定开债券C
004659,银河嘉祥混合A
004660,银河嘉祥混合C
004665,国泰润享纯债债券
004666,长城久嘉创新成长混合
004668,建信鑫泽回报灵活配置混合A
004669,建信鑫泽回报灵活配置混合C
004670,长盛分享经济主题灵活配置混合
004671,中融核心成长
004672,华夏短债债券A
004673,华夏短债债券C
004674,富国新机遇灵活配置混合A
004675,富国新机遇灵活配置混合C
004676,中信建投睿信灵活配置混合C
004677,博时战略新兴产业混合
004678,国泰安惠收益定期开放债券A
004679,国泰安惠收益定期开放债券C
004680,前海开源裕瑞混合A
004681,万家安弘纯债一年定开债A
004682,万家安弘纯债一年定开债C
004683,建信高端医疗股票
004685,金元顺安元启灵活配置混合
004686,华夏研究精选股票
004687,汇添富熙和精选混合A
004688,汇添富熙和精选混合C
004689,博时丰庆纯债债券
004693,前海联合泳隽混合A
004694,天弘策略精选混合A
004695,东兴未来价值混合A
004696,东兴量化优享混合
004698,博时军工主题股票
004702,南方金融混合
004703,南方兴盛混合
004704,平安大华惠元纯债
004705,南方祥元债券A
004706,南方祥元债券C
004707,景顺长城睿成混合A
004710,民生加银鹏程混合A
004711,交银丰泽收益债券C
004712,中金丰鸿灵活配置混合A
004713,中金丰鸿灵活配置混合C
004714,中金丰颐灵活配置混合A
004715,中金丰颐灵活配置混合C
004716,信诚量化阿尔法股票
004719,景顺长城睿成混合C
004720,华夏睿磐泰茂混合A
004721,华夏睿磐泰茂混合C
004722,中银丰和定开债券
004723,中银丰实定开债
004724,先锋聚元灵活配置混合A
004725,先锋聚元灵活配置混合C
004726,先锋聚优A
004727,先锋聚优C
